neuron_id,betweenness,type
720575940624973831,0.0029138637898641876,sensor
720575940632444943,0.00016742199525312775,sensor
720575940611047446,0.0001952648784381477,inter
720575940624154648,3.991755432331663e-05,sensor
720575940627890206,0.00026331127314999125,sensor
720575940613144616,0.0012808332327640057,sensor
720575940629823531,0.00019803662205622992,sensor
720575940614979634,0.00020258425640578507,sensor
720575940632707129,1.984126984126984e-05,sensor
720575940617928763,0.00015146508338785252,sensor
720575940630937660,2.2893772893772897e-05,motor
720575940630839371,0.00022028599799708249,motor
720575940635852901,8.590102707749768e-05,motor
720575940620320902,0.0016455767973375015,inter
720575940623499400,0.0,sensor
720575940614619282,0.0006160003684013289,motor
720575940625629332,0.0002800342359165887,sensor
720575940638245027,0.0002185213417532432,inter
720575940620714150,0.0004607422334012975,motor
720575940620124326,0.00210394080672192,sensor
720575940621467819,0.00032977159117615303,sensor
720575940607377586,0.00011483283789706358,motor
720575940624548021,0.0002519023482408837,sensor
720575940622745796,0.0002120808640916684,inter
720575940606722249,0.0024785980002316526,sensor
720575940639817947,1.4783691254279488e-05,sensor
720575940613636325,0.0002471381927512206,motor
720575940625170667,0.00035541888713157223,sensor
720575940612423922,7.707051074398014e-05,sensor
720575940631625979,0.0011137439965941953,sensor
720575940622745853,7.030934066748394e-05,sensor
720575940607869193,1.3267211646563387e-05,sensor
720575940623696152,6.669334400426838e-07,sensor
720575940627497244,0.0061927456648845185,sensor
720575940618715421,0.004034740904538824,sensor
720575940645454116,6.153572540127163e-05,sensor
720575940611703080,7.60963115404892e-05,sensor
720575940631462200,6.158945059505283e-05,sensor
720575940630937923,0.0003397045661922201,sensor
720575940627398984,0.00028114822167443206,motor
720575940619895125,0.001123029317732198,sensor
720575940636541285,8.760964703341656e-05,motor
720575940637098352,0.007244727179175957,inter
720575940613603698,3.526966342092393e-05,sensor
720575940620943743,0.0005666896628781383,inter
720575940641194368,6.301091865317557e-05,sensor
720575940619731334,0.0003542416966786714,sensor
720575940615799179,0.0,motor
720575940616946065,0.00035635709310179105,motor
720575940615537041,6.919857890246044e-05,inter
720575940615799190,0.0,sensor
720575940613603737,5.599462007025033e-05,sensor
720575940612686233,0.0008019251351334187,motor
720575940633526684,0.005607408770827808,sensor
720575940615274914,0.00011299996188951771,sensor
720575940633428388,0.00015221803006917054,sensor
720575940614062503,0.0009577987113001118,inter
720575940618092985,0.0004568266460023162,sensor
720575940616782267,0.00096697991270536,sensor
720575940621500865,0.0,sensor
720575940609376707,0.0008018871810388414,motor
720575940619338187,3.4347072162198216e-05,sensor
720575940641096144,0.000451043115658962,sensor
720575940640178640,0.0005098142431575807,inter
720575940638900713,0.004868487184931408,inter
720575940638966249,0.00031409495014937173,sensor
720575940623598058,0.0002565004837914001,inter
720575940622516720,0.00036588736023509925,sensor
720575940612358642,0.00040292594449257117,motor
720575940624515571,3.157453457573506e-05,sensor
720575940628873722,0.0019835521991384336,inter
720575940630315514,1.6061980347694636e-05,sensor
720575940617077249,0.00048761382860022323,motor
720575940626907650,0.00018193388466497705,sensor
720575940628251146,0.00048284763640906104,sensor
720575940624712206,0.00028235341755749916,inter
720575940644438551,7.647265255308475e-05,motor
720575940631396895,2.61626054943382e-05,inter
720575940624319017,0.001604006152725641,sensor
720575940623401513,0.00015662729738359993,sensor
720575940631233084,0.00018007996849533464,sensor
720575940630643275,0.001178866784809161,inter
720575940623467084,5.6989462451647315e-05,sensor
720575940633789011,7.452475939870898e-06,sensor
720575940639425112,2.6655106487039264e-05,motor
720575940635066975,1.1599084078075675e-05,sensor
720575940620943969,0.0003542607519198155,inter
720575940625400420,6.369957795528026e-05,sensor
720575940622516852,0.014847446060231178,sensor
720575940624351882,0.0002771465729148802,sensor
720575940628185743,0.00018256403090336659,sensor
720575940622680724,0.00020552562054162698,sensor
720575940618748573,6.300456690612752e-05,sensor
720575940640834211,0.0025823053682197334,inter
720575940619403942,0.00031086517528920564,sensor
720575940621533867,4.4979102752211996e-05,motor
720575940621370027,0.0,sensor
720575940641096400,0.0,sensor
720575940611080922,0.00019070247146477638,inter
720575940623401693,0.001996544914262002,sensor
720575940637033182,0.00012388288648792852,sensor
720575940639163108,0.00012745892007596688,sensor
720575940625466091,1.917433640122716e-05,sensor
720575940620780272,0.00033407042470667906,sensor
720575940627956471,0.0006581815265788858,motor
720575940611506966,0.0005133884241527302,sensor
720575940645913367,7.883417917431525e-05,sensor
720575940623991576,0.00023437636237756283,sensor
720575940623139610,1.3338668800853675e-07,sensor
720575940619109147,0.0,sensor
720575940621533985,3.934907296251834e-06,sensor
720575940624450342,1.08355511516776e-05,sensor
720575940612227880,0.000287283961203529,sensor
720575940624155433,0.00010036236716908985,sensor
720575940624450352,7.995049871800571e-05,motor
720575940620026673,7.610822106620425e-05,sensor
720575940615504690,0.0001101456455598112,sensor
720575940647945012,0.0001104108309990663,sensor
720575940632380216,0.00011678560313014096,sensor
720575940628382522,0.0002149005104687377,sensor
720575940639032125,0.0001617656140334777,inter
720575940616553300,0.001849742674847717,motor
720575940616848214,7.878865832047103e-05,motor
720575940635460448,0.00014449112978524747,sensor
720575940625990500,0.0007725129567866664,inter
720575940632707944,0.0006106437283908275,sensor
720575940619928429,0.00015517767953742345,sensor
720575940644733806,0.001200389679681397,motor
720575940638049136,0.0005591513643234333,inter
720575940611507057,0.0002745383867832846,sensor
720575940621992820,0.00013864196472239697,sensor
720575940618126203,0.0003407139264482201,sensor
720575940620878727,0.00012462365898740447,motor
720575940624089992,4.2357113785685214e-05,sensor
720575940627891081,4.237250455737851e-05,sensor
720575940643259277,4.687430527766662e-05,motor
720575940613473177,0.00010264926076250607,sensor
720575940636574644,0.00017671036668635704,motor
720575940620321728,0.0009202811956913596,inter
720575940631659461,0.001058468144352498,inter
720575940620846027,0.0006021236129779549,inter
720575940622123981,3.001200480192077e-06,sensor
720575940639163364,0.0008925527883110912,sensor
720575940614718445,0.00013186385665377268,sensor
720575940621665263,0.000738214598008516,inter
720575940611638258,0.0003628364044030312,sensor
720575940627661820,0.0,sensor
720575940614358014,0.00039627120689545673,inter
720575940628808708,2.153083455604464e-05,inter
720575940607017993,4.168334000266774e-06,motor
720575940614456332,0.0011400668131610508,motor
720575940631135247,0.00011662998532746433,sensor
720575940617110555,0.0004616489934116987,inter
720575940630086698,0.004361588165809853,inter
720575940609180718,0.000153838014282192,sensor
720575940632740911,0.0001976226998736002,sensor
720575940616684594,0.00012917468574731483,sensor
720575940631168057,0.0012918635708251552,motor
720575940639523910,5.6257423604362376e-05,sensor
720575940622550089,8.81065915775452e-06,motor
720575940622713929,0.0011081210502479012,sensor
720575940634018899,0.00016076695228355896,sensor
720575940616455261,0.00011967750062988158,sensor
720575940635591776,0.0019182516755545966,motor
720575940628448359,0.000237306033524521,sensor
720575940627891305,0.00010251402148160854,inter
720575940635853931,2.134187008136588e-06,sensor
720575940640736371,0.004615284016444481,sensor
720575940631463030,0.0004956823999441049,sensor
720575940619076731,5.205574293209347e-05,motor
720575940623467644,0.0004916469233195926,sensor
720575940627563651,6.447023253745943e-06,sensor
720575940614358162,5.4759919575411e-05,sensor
720575940630152347,0.0004728602267117675,sensor
720575940656071841,3.355786759148103e-05,sensor
720575940655842465,0.0021115562294033692,motor
720575940615046311,1.0226312747321152e-05,sensor
720575940628120744,0.0010771456730840482,sensor
720575940622156976,0.0024764022010920774,inter
720575940606756030,0.009968549291178344,sensor
720575940633265343,0.00011201782300221676,sensor
720575940621305024,5.433443218557264e-05,inter
720575940628055239,0.00046361025447660113,sensor
720575940626220234,7.336267840469522e-06,sensor
720575940637656286,0.00021853344512408142,motor
720575940612752611,0.0008778853051562135,sensor
720575940617995494,0.0007180599993725246,sensor
720575940627432680,6.495455324987137e-05,motor
720575940612981997,2.6838513183051e-05,inter
720575940620715247,0.0003847020289597319,inter
720575940629464305,0.0005872094462530639,inter
720575940634903800,0.0003203839736952982,sensor
720575940629497088,0.00035593566430901355,sensor
720575940618945793,2.667733760170735e-06,sensor
720575940627825923,3.834867280245431e-06,motor
720575940615963916,2.4120759414877062e-05,sensor
720575940606461216,0.0004196679152661545,motor
720575940647224611,0.0001377940064914855,sensor
720575940645389604,0.00019674536481259172,sensor
720575940614817064,0.00017716268806704984,sensor
720575940613506355,4.433632519867014e-05,sensor
720575940629792060,0.00030391812809779997,motor
720575940628743496,0.0001732248454937531,sensor
720575940633429331,0.00018157739286190665,sensor
720575940620617051,9.468537640676054e-05,sensor
720575940635690335,0.00019085411942554802,sensor
720575940621862253,0.0,sensor
720575940645258606,0.0006118534715473491,motor
720575940613834098,0.0005730699927878803,sensor
720575940640802163,0.00016399840359424195,sensor
720575940660233601,0.00017407121578790245,motor
720575940659709313,0.00016632340766994626,motor
720575940615505298,0.0044357457675785,sensor
720575940635624855,0.0002001499012303333,sensor
720575940635362716,0.0005500920185293936,inter
720575940633396636,0.00014300828556530843,sensor
720575940614751650,0.0004377904600993839,inter
720575940613178794,9.580197742419152e-06,sensor
720575940623107509,1.556178026766262e-06,sensor
720575940617209275,0.00019146706301568248,sensor
720575940605707710,9.923440275581133e-05,motor
720575940620617153,0.0008077217252387325,inter
720575940610360771,4.7796896536392335e-06,sensor
720575940612392398,4.412876261615757e-06,sensor
720575940611671506,4.155529455649504e-05,sensor
720575940632413651,0.0005644269492308707,sensor
720575940637623780,0.00015674519706132358,sensor
720575940624057853,2.0919478902672182e-05,sensor
720575940623992317,0.005898136068354159,motor
720575940622026245,3.7737317149081866e-05,motor
720575940627727888,8.892445867235784e-07,sensor
720575940618716701,0.0005983313960504839,sensor
720575940627826206,0.0002153488379478776,sensor
720575940627629598,0.00010387369233407649,motor
720575940625237541,6.613439026404213e-05,sensor
720575940625172016,0.0,sensor
720575940615013939,2.9630370666785235e-05,sensor
720575940610983492,8.421887273427891e-05,sensor
720575940629005903,7.14460387329535e-05,motor
720575940619601488,0.0004623203778866044,inter
720575940632839763,6.871716940744552e-05,motor
720575940620093019,0.000155564606795099,motor
720575940613834354,3.836719873134439e-05,sensor
720575940640605811,0.0,sensor
720575940616390261,6.468585204427368e-06,sensor
720575940611442296,3.585489205000169e-05,motor
720575940605249154,0.00017225937994245317,inter
720575940648633988,0.000104864697201632,sensor
720575940621403782,0.0034890120309788207,sensor
720575940631365260,9.583357152384763e-05,sensor
720575940637689486,0.0034394506479840594,sensor
720575940636411534,0.0013373827645536327,motor
720575940635952782,0.00018010061167324074,motor
720575940635330204,0.0009385841638242597,motor
720575940621371045,0.004064257978323606,sensor
720575940620813989,0.00820295097355922,sensor
720575940613473959,0.0006392911662019306,sensor
720575940628711080,2.0074919599947004e-06,sensor
720575940604954289,0.00021162170977096948,inter
720575940623533749,0.0001239398356745296,motor
720575940620322497,0.00016566429087959438,motor
720575940622517956,0.00266380705721442,sensor
720575940623468228,0.000246131321554802,motor
720575940633593548,0.00012999406111651008,inter
720575940611344078,0.00022812564179110797,inter
720575940630644439,0.00016767606513504873,sensor
720575940642506459,0.00010943821973233739,inter
720575940631365340,0.0002168325001958456,motor
720575940625467116,0.0001075297844005327,sensor
720575940621403887,0.0003752974734867493,sensor
720575940625532659,6.845674777847647e-05,inter
720575940629137148,0.00021369526646637492,sensor
720575940628842240,0.00017561151444704865,inter
720575940625565442,0.00017206009387882136,inter
720575940628481798,7.55691165355031e-05,sensor
720575940627924746,5.446623093681917e-06,sensor
720575940609836811,1.2727313147481214e-05,sensor
720575940627728149,0.0022200065359329075,motor
720575940632807193,0.0005120305672997337,inter
720575940627367708,8.410665853643045e-05,inter
720575940622681889,0.0003574318616335423,inter
720575940613408552,9.515181734069291e-05,sensor
720575940622157633,0.00019279380453850238,sensor
720575940638803790,0.0007110071541844253,motor
720575940631562065,1.4650304566270953e-05,sensor
720575940640868184,0.0019059123890056268,sensor
720575940636280683,1.0004001600640257e-06,sensor
720575940635166571,0.00022958072117735997,motor
720575940621535085,0.000717951297883271,sensor
720575940611803000,0.0,sensor
720575940619896711,0.00213793041968724,inter
720575940637656974,0.0016658367439179767,inter
720575940614326162,0.0023921944624225545,sensor
720575940614817695,0.0003784704357933649,inter
720575940644702112,0.0016306973005652482,sensor
720575940637394851,8.336668000533548e-06,sensor
720575940621764518,0.0013399608520656941,sensor
720575940620781515,0.004125356495504557,sensor
720575940623271894,0.0003951636210039572,sensor
720575940629792732,4.26524533667391e-05,sensor
720575940634216417,0.0,sensor
720575940618291174,0.00032449358885854534,inter
720575940623697898,5.663932239562492e-05,motor
720575940619864047,0.0015645101141799824,motor
720575940630644727,0.000513422320712884,inter
720575940628154364,0.0031226990796318506,sensor
720575940628318227,0.00023822491959746864,sensor
720575940617537570,2.0583918993282734e-05,sensor
720575940621043753,3.480836779156107e-05,motor
720575940629858347,0.0001043925506710621,sensor
720575940632086573,3.1279178338001874e-05,sensor
720575940632217647,0.00044900481560145456,sensor
720575940619962417,0.00018446012918802037,sensor
720575940619700288,5.557778667022365e-07,sensor
720575940610000964,1.4762254107992405e-05,sensor
720575940627826760,0.00032585494515266413,motor
720575940629170250,0.000496509450340983,motor
720575940624287821,0.00012404856122343115,inter
720575940619339856,0.0003151236277986978,inter
720575940627761241,0.00019002204056225666,sensor
720575940630546540,0.00044997174694053456,sensor
720575940636346487,2.5043350673602773e-05,motor
720575940623337596,0.00010268075484161918,sensor
720575940659611777,0.000275353792310575,sensor
720575940606527618,8.914676981903873e-06,sensor
720575940617668747,3.868405141958041e-05,sensor
720575940625336464,0.00014391947255092515,sensor
720575940623468691,0.00014969479855434244,motor
720575940635527322,0.0009374857085691418,motor
720575940619176094,0.0023245786770696737,motor
720575940620060838,0.0005737678262188067,inter
720575940637526190,9.876966659679746e-06,sensor
720575940616915174,0.00030528166052375735,motor
720575940613376242,5.537770663821085e-05,sensor
720575940622584069,2.275354586278956e-05,motor
720575940609476873,0.00019894624516473257,sensor
720575940627204362,0.0018618778199110332,motor
720575940628646160,0.0004918605248737302,inter
720575940629924112,7.113956693788627e-06,sensor
720575940623042842,2.89004490685163e-06,sensor
720575940614457651,5.411212103889174e-05,sensor
720575940647029044,1.224934418211729e-05,motor
720575940610001220,7.553471123899297e-05,motor
720575940631333195,0.0001192111765341057,motor
720575940626024781,0.0,sensor
720575940633626963,2.732389251997095e-05,sensor
720575940618127700,0.0,sensor
720575940631365975,1.9118758614556934e-05,sensor
720575940620912987,0.0024168693932599505,motor
720575940621961569,0.00029176752471070193,sensor
720575940644145518,6.0019245793555535e-05,sensor
720575940631497078,7.42008443589076e-05,sensor
720575940630579574,0.0007103222241277467,motor
720575940640803200,3.912676181583745e-06,sensor
720575940628023685,0.0001736427375182877,sensor
720575940620159366,0.0,sensor
720575940624943504,8.799869154010812e-05,sensor
720575940613867938,0.0002560095466758132,inter
720575940640541091,0.0022500285208618544,sensor
720575940640311715,0.00034710043968747445,sensor
720575940612819367,0.00022954922709824668,sensor
720575940618717611,5.62113734382642e-05,sensor
720575940617079227,9.206645621211447e-05,sensor
720575940634773951,0.0012105170350968667,sensor
720575940619078091,0.0002755818347673509,sensor
720575940610623950,5.067661985429092e-05,inter
720575940615113169,0.0001168634120314793,sensor
720575940615014865,0.00023149656688072051,sensor
720575940633364947,0.00012099442951783887,sensor
720575940622027222,0.0029002188176858058,motor
720575940603578848,6.402561024409766e-05,sensor
720575940611934706,0.0005145204305868574,motor
720575940619405812,3.4281966754955955e-05,sensor
720575940625140221,0.0,sensor
720575940615408126,1.661775821439687e-05,sensor
720575940628908548,2.6454282939485722e-05,sensor
720575940623632904,0.00042435759777696545,sensor
720575940618324509,0.0006356801980051281,sensor
720575940647291427,0.00031719277417556724,sensor
720575940624910887,0.0,motor
720575940623764007,0.0005962805757223527,motor
720575940624255529,1.5228313547641278e-05,sensor
720575940630907434,2.812236005513317e-05,motor
720575940616194610,3.0237888806316186e-05,motor
720575940618029627,5.6107363580352785e-05,sensor
720575940625500734,2.219393889105252e-05,sensor
720575940633201223,0.0004067015695166956,sensor
720575940605807206,0.00030006552885704536,inter
720575940627827303,0.00013842362341762106,sensor
720575940634675819,8.67013472055489e-06,sensor
720575940637952624,0.001411392599367789,sensor
720575940618324625,0.00042086067231125263,sensor
720575940633692823,0.0007538549811458974,motor
720575940622715561,0.00017425012332975522,sensor
720575940621961904,0.00016195049448350775,sensor
720575940636543668,0.008017948695369667,sensor
720575940635593396,0.00048533090484871214,sensor
720575940625926840,9.473789515806326e-05,sensor
720575940618554041,0.0036834925602682676,sensor
720575940627139258,0.0004106991595987195,sensor
720575940612033253,0.0002980454086396463,inter
720575940625894119,0.0010939674237993564,motor
720575940618455791,0.0003578132311125509,inter
720575940621699823,9.862278244631186e-05,sensor
720575940625959667,0.00355436363689665,inter
720575940618947329,0.00029658053697669543,sensor
720575940617243393,0.000536938873673568,sensor
720575940622945037,0.0,sensor
720575940627368723,3.684807256235827e-05,motor
720575940625369884,0.0006767852643702985,sensor
720575940623338281,0.0005025435782521229,motor
720575940629859115,0.00027539322607349816,inter
720575940631759663,0.0002276958402408582,motor
720575940619537201,0.00017832132853141258,inter
720575940617931579,4.254767681877657e-05,sensor
720575940617997115,0.0007168760666659826,sensor
720575940617964347,6.002400960384154e-06,sensor
720575940639165247,0.0009283454122389696,sensor
720575940609346372,0.00014584722778000092,sensor
720575940620913493,0.0013244433174905356,sensor
720575940613835634,0.0007625807417724186,sensor
720575940611607416,3.860433062113736e-05,sensor
720575940620553094,2.089327794609907e-05,motor
720575940616293259,6.396497993136648e-06,sensor
720575940637232014,0.0009402422344599215,sensor
720575940634839964,0.00040908506259646724,sensor
720575940644473760,0.000327036370103597,motor
720575940620192677,0.00029571114159949693,inter
720575940620356545,9.664183133570889e-05,inter
720575940623535044,0.0003348283757947624,motor
720575940627139530,7.19692638960346e-05,motor
720575940628810711,0.0002781377101104993,sensor
720575940622486506,3.709081035011408e-05,inter
720575940614196205,7.521897647948069e-05,sensor
720575940612197374,4.540440514830272e-06,sensor
720575940625304584,0.00022272366415023484,sensor
720575940632415247,0.001112822499777282,sensor
720575940618685467,1.0421628969047937e-05,sensor
720575940625861660,0.00013139567996510774,motor
720575940632972319,0.0,sensor
720575940618423330,2.0008003201280513e-06,sensor
720575940614851635,7.614156773820639e-06,sensor
720575940609379396,6.613756613756614e-06,sensor
720575940608199748,0.0005069502113972076,sensor
720575940625992781,0.00016343203948245968,sensor
720575940640803928,0.0006131347329326523,sensor
720575940631989352,0.00031806399808600674,motor
720575940617636981,8.770174736561292e-06,inter
720575940647586948,0.0014316364111782278,motor
720575940619996294,0.00012303810413054111,sensor
720575940643228813,0.0003647355360540633,sensor
720575940621929641,0.0006397125468754121,motor
720575940620258480,0.0013322450913987524,motor
720575940636576948,0.00574505470165313,sensor
720575940639198397,0.00047175828003158973,motor
720575940606692542,0.0021039194621127414,sensor
720575940635724991,1.1838068560757638e-05,sensor
720575940642442440,5.6346348063034746e-05,sensor
720575940633529548,0.0012210068697881208,motor
720575940610100437,2.1053659559061714e-05,sensor
720575940622650582,1.0693166155351028e-05,motor
720575940604431584,0.00026324050543738415,sensor
720575940633300193,0.000190133749507499,inter
720575940638149865,0.00046364048264808586,motor
720575940612558061,0.0007937155020738455,motor
720575940625894643,0.0,sensor
720575940625403144,0.0006465869416549689,sensor
720575940615310604,0.0003761914411674316,sensor
720575940629564688,3.093290190737866e-05,motor
720575940633333017,0.000731300986002867,motor
720575940605119776,0.00044017807940877177,motor
720575940617047346,0.0,sensor
720575940638477621,0.0005590950665980679,inter
720575940629957943,0.0001744327360573859,sensor
720575940630973756,5.2808191280971687e-05,sensor
720575940615671106,0.0005672779693888139,motor
720575940627828040,7.054197340311786e-05,motor
720575940624387401,0.00014638236246879705,sensor
720575940623371596,0.00011423458272197769,sensor
720575940638379342,3.296004392095003e-05,inter
720575940607774044,0.0006448194290722608,inter
720575940623043939,0.0002519311957587268,sensor
720575940618784109,0.00028506863806200934,inter
720575940638051696,0.0005702130058372558,sensor
720575940660235649,0.0004550267196825823,motor
720575940648570244,0.0004107158736510476,inter
720575940621995430,1.3249744342181317e-05,sensor
720575940621995440,8.556359051557128e-05,sensor
720575940607643058,0.00010140722955849006,sensor
720575940611640755,4.62962962962963e-05,sensor
720575940624387524,0.00019090969721221823,sensor
720575940630318533,0.0005521618700390211,inter
720575940616687046,8.118326695757668e-05,sensor
720575940611935698,0.0002436704840666425,sensor
720575940610133461,0.00011161395775241313,sensor
720575940631236060,3.507214851752667e-05,sensor
720575940622519773,0.00042472661411541314,inter
720575940638084574,0.00042326091090596904,sensor
720575940619931119,4.2366946778711495e-05,sensor
720575940622650879,3.086545442618306e-05,sensor
720575940623994367,0.0,sensor
720575940621372933,5.8662353830421067e-05,motor
720575940622749210,0.008369794260250446,sensor
720575940647030324,0.00010563114134542708,motor
720575940619046469,0.001009394498540157,sensor
720575940627828296,1.3116357654172782e-05,motor
720575940617932368,0.00034205957515281245,inter
720575940626091609,0.00027975952285676166,sensor
720575940636053087,6.93610777644391e-06,sensor
720575940622552675,0.0003569446297037333,motor
720575940615868010,0.0008799818572139264,sensor
720575940611837560,0.0007897921073191179,sensor
720575940633136780,4.882905543169649e-06,sensor
720575940626452120,4.060195506774139e-05,inter
720575940612001433,0.0,sensor
720575940642737824,9.684138205546768e-05,sensor
720575940615311010,3.971429841777981e-05,sensor
720575940621242025,9.192565915254992e-06,motor
720575940634676916,0.00011375213866210268,inter
720575940636217012,0.0010376026071804384,sensor
720575940626583226,4.3757748361328935e-05,sensor
720575940639723197,0.00011808241815244615,sensor
720575940621569728,0.00013117733866033186,motor
720575940630810306,0.00013347084865692304,sensor
720575940629204674,0.001773022523714106,motor
720575940623208141,5.6802350569857583e-05,motor
720575940611641042,0.0,sensor
720575940617277145,0.0003544309498691252,inter
720575940638609118,0.0001369889836276391,sensor
720575940634545890,4.002712195989507e-05,sensor
720575940633923298,3.334667200213419e-07,sensor
720575940618850049,0.0,sensor
720575940629434118,7.4474234138099695e-06,sensor
720575940629303046,1.0555015657056473e-05,inter
720575940627042064,0.0001824634615751062,sensor
720575940627861291,0.00011781084024981582,sensor
720575940615212851,0.00016752256458138812,sensor
720575940633005880,0.0005961449903526737,sensor
720575940639756093,5.0798097016584415e-06,motor
720575940627828552,6.732693077230892e-05,motor
720575940629958479,1.2527233115468412e-05,sensor
720575940628352850,0.001013986546999752,motor
720575940622683998,1.6010545004751382e-05,inter
720575940613214058,6.5026010404161665e-06,sensor
720575940630810486,0.0012019371240559712,motor
720575940608331650,2.710608052744908e-05,inter
720575940648636292,0.00010795429282824242,motor
720575940619636615,0.0020258931244825605,motor
720575940627107721,0.0004168577483903614,motor
720575940642181005,0.00042395317915526,sensor
720575940613017493,8.574540927482104e-05,sensor
720575940644704160,0.0001106453163275893,sensor
720575940619866027,0.0011933392563905645,sensor
720575940606922673,6.669334400426838e-07,sensor
720575940605513649,0.000238079358727618,motor
720575940625567674,7.296331230905061e-05,motor
720575940634939327,0.00013767281369974623,sensor
720575940620750795,0.0002645188667097431,sensor
720575940633497548,0.00010099992377903542,sensor
720575940620718040,0.0006153149330920442,sensor
720575940640608219,6.369293749245731e-05,sensor
720575940615933919,0.0,sensor
720575940615376863,0.00017627130217166232,motor
720575940613672931,0.0007964087751502715,sensor
720575940623110123,2.1176724658117216e-05,sensor
720575940640804853,4.798109720078507e-05,sensor
720575940651421686,0.0030013831725820865,sensor
720575940615999489,0.0022184757500883947,sensor
720575940601712649,8.293873104797476e-05,sensor
720575940630646799,2.8428316700147172e-05,sensor
720575940631072783,0.00028924373982397195,motor
720575940631957522,4.8141478813747717e-05,sensor
720575940614983720,3.132628712860806e-05,sensor
720575940632416298,0.00026577682540067496,sensor
720575940631105580,6.151593726623737e-05,sensor
720575940632317997,0.00013187020840082063,motor
720575940639887413,3.5953270196967684e-05,sensor
720575940629008439,0.0001601839148357756,sensor
720575940615999547,0.0001172662186567749,sensor
720575940630745148,0.0004757286512488595,sensor
720575940626780222,4.289978453556929e-05,motor
720575940609937476,2.8428316700147172e-05,motor
720575940630810695,0.0013432468225385396,inter
720575940614819926,0.00013379348853538532,inter
720575940640641112,0.00011085945397797232,sensor
720575940611772514,0.002424844402185339,sensor
720575940625371236,0.0006433716343680329,sensor
720575940629532777,0.000783874660975502,sensor
720575940645556334,0.00024747705720094663,motor
720575940622684308,0.0010484177798103368,sensor
720575940621701286,0.0,sensor
720575940611543219,0.0,sensor
720575940636479668,0.0029996803576706104,motor
720575940624945333,6.668222844693434e-05,sensor
720575940611477683,0.00036158299298555397,inter
720575940630778050,3.130776119971799e-05,sensor
720575940630352066,7.267351384998444e-05,sensor
720575940630745282,0.00024801878423327,inter
720575940631630021,0.0003331741769116719,sensor
720575940615934150,0.00033547360743239093,sensor
720575940621832397,0.001436958645892219,inter
720575940634317011,0.00021311699282887766,sensor
720575940632809683,0.00015750773613918876,motor
720575940632973538,7.739286190666744e-05,inter
720575940613804259,0.00010444257067906528,sensor
720575940610199781,1.2882930950157842e-05,motor
720575940614492397,0.0008476502674181747,inter
720575940653093110,0.0005945902170391968,inter
720575940651192566,0.0005418379954194281,sensor
720575940629008636,2.456220583471484e-05,sensor
720575940628910342,9.21479702992308e-05,sensor
720575940627239174,0.0004605126364271199,inter
720575940630548751,2.3059728942081886e-06,sensor
720575940626682129,0.0017580526919762616,inter
720575940621766938,0.00023378745437568958,sensor
720575940618031394,0.00141702289381361,motor
720575940624879911,0.010117105804753234,sensor
720575940619637056,0.000499161813687624,sensor
720575940615672130,6.524514567731855e-05,motor
720575940639658310,6.949367048406666e-05,sensor
720575940632252743,0.00021453899019925428,motor
720575940627796298,0.0028357859257219006,inter
720575940618359120,0.00017099617624827712,sensor
720575940617343316,5.1764933967815116e-05,sensor
720575940633268575,0.00010390452477287212,sensor
720575940630385000,2.6761498250093687e-05,sensor
720575940628975980,5.0793333206298395e-05,sensor
720575940611379569,0.0016114217100611661,sensor
720575940622193012,0.00018100573562758435,sensor
720575940630024566,5.635587568360677e-06,sensor
720575940636316023,0.00018103961161184055,inter
720575940629139834,5.396126704650113e-05,sensor
720575940626289021,0.0010963517682205156,inter
720575940622225791,0.001773040240627276,sensor
720575940615278994,0.0,sensor
720575940626157976,0.0004628758910971795,inter
720575940639789475,0.003611883465599953,motor
720575940631925156,0.0,motor
720575940635988398,5.7013209324133694e-05,inter
720575940614820271,0.00011251246530358175,sensor
720575940608037298,0.00010777697322315173,sensor
720575940636348852,0.0019024544475724954,sensor
720575940621570496,0.0014254315963999839,sensor
720575940625502666,9.613138184566756e-05,sensor
720575940638642654,0.0003371189745739566,motor
720575940634612194,0.0049348578949549755,sensor
720575940639101412,0.0004666070372352885,sensor
720575940637561321,0.0018256778735470211,sensor
720575940613640685,0.0003637301481439136,motor
720575940628713988,2.223111466808946e-07,sensor
720575940609675785,0.0012335008077304992,sensor
720575940609774091,0.0007720593528416661,sensor
720575940626125331,0.0029675348975569077,sensor
720575940627927573,9.458128423105722e-05,sensor
720575940625175068,7.640309611097928e-05,sensor
720575940647391779,0.00011512382730870127,sensor
720575940624323110,0.002579604242911707,motor
720575940640117301,0.0024246861563288137,sensor
720575940608496196,0.0008634064616707676,sensor
720575940633104967,1.0337468320661598e-05,sensor
720575940638642776,0.0013462718420701604,sensor
720575940631335528,0.0009083958980417564,inter
720575940635202155,1.6061980347694636e-05,motor
720575940644639342,0.0005400164369722782,motor
720575940623503996,0.0013018816954391186,sensor
720575940608299650,1.2004801920768307e-05,sensor
720575940627665545,0.000462474937064773,inter
720575940612821653,0.00033723013014729707,sensor
720575940635202204,0.004662661849436561,inter
720575940613870242,0.0006535444939806687,motor
720575940611314346,0.00011491792484189444,sensor
720575940606726834,0.0002201619423060429,sensor
720575940611347123,0.0011571570427112642,inter
720575940627206842,0.000792235220206409,inter
720575940630713029,1.2068319391248562e-06,motor
720575940623209165,0.0001884526297291403,motor
720575940611773138,0.0014219886848438267,inter
720575940619473624,0.00047658778611159584,sensor
720575940620391128,0.001994326566605479,sensor
720575940637594334,2.4065181628206836e-05,sensor
720575940611674853,9.61273398248188e-05,inter
720575940620096238,6.080103999271667e-05,motor
720575940619506415,0.0003548242048142008,sensor
720575940621800175,0.0004136048599333913,inter
720575940621308655,2.1930994620070246e-05,sensor
720575940625994483,1.6979013827753322e-05,sensor
720575940630418170,0.0,sensor
720575940618851073,0.0016018092422154047,sensor
720575940609282825,0.0002957348116661842,sensor
720575940623897357,0.00017288423305830268,sensor
720575940632351506,1.4583611222266686e-05,sensor
720575940630909714,0.0010581502442246738,inter
720575940645393175,0.0,sensor
720575940647392035,3.6125561335645372e-06,sensor
720575940640576317,3.999695116141695e-05,sensor
720575940622160705,0.00040278201227580995,inter
720575940640314190,0.0003383046580825693,sensor
720575940620981072,0.002031694953113521,inter
720575940627829586,0.0002595704948646125,sensor
720575940621538142,9.58528914211187e-05,motor
720575940626977636,9.265928593659686e-05,sensor
720575940612264817,0.0035025662102412536,inter
720575940611380088,0.00038919218481043205,sensor
720575940630549370,1.0289830217801408e-06,sensor
720575940627927930,0.0006950269525799737,sensor
720575940628255621,0.0006960633459733099,sensor
720575940612461461,5.235085487186328e-05,sensor
720575940633498524,0.0006591477860985667,inter
720575940620129182,0.00016907000895596336,motor
720575940656042913,0.0001002178649237473,sensor
720575940620030885,1.6673336001067094e-06,sensor
720575940635890623,0.0018794949196609878,sensor
720575940608431043,1.576996461906948e-05,sensor
720575940626191306,0.000163276421679783,motor
720575940641395664,0.0002660609217231866,sensor
720575940617245652,0.00042405057260999645,motor
720575940623274966,0.0012359038446473419,motor
720575940611085274,0.00014980039634901582,sensor
720575940636873705,8.825752523231516e-06,sensor
720575940636611576,0.000728059098357218,sensor
720575940625437698,4.298196690153473e-05,sensor
720575940627076106,0.00028827955683697986,inter
720575940619637780,0.0002730425984727705,sensor
720575940633170969,0.000354123395389902,sensor
720575940630877226,6.536212368545302e-05,sensor
720575940615541810,0.00041540849143890376,motor
720575940647228468,0.001421766332980818,motor
720575940647031860,0.00018735271886532388,motor
720575940636873791,1.6873416033079897e-05,sensor
720575940621833281,0.00012787046035345355,motor
720575940619080773,2.1919879062736203e-05,sensor
720575940628321352,0.0008127690470127443,sensor
720575940629959759,0.0033382053676171337,sensor
720575940621800539,0.0068752675617921736,sensor
720575940629009513,0.0006043247505832541,sensor
720575940635104363,6.359210350806988e-05,sensor
720575940621898861,0.0,sensor
720575940623471740,0.0002692333787771963,sensor
720575940628059261,0.0001304188342003468,sensor
720575940624290952,3.58317930346742e-05,sensor
720575940627731599,1.7402198974828025e-05,motor
720575940634776727,7.205527713730995e-05,sensor
720575940626027672,0.00014936239045882906,sensor
720575940626224280,0.00012037460486840242,motor
720575940626977947,0.00210359075498777,inter
720575940643099808,8.560884671328848e-05,sensor
720575940644541600,0.00025818263813461885,inter
720575940613018786,0.00010125161175581346,sensor
720575940617180347,0.0007964287668669421,sensor
720575940637627581,6.077589766065156e-05,inter
720575940634743999,0.0008668157739286193,sensor
720575940643591368,0.0,sensor
720575940612363470,5.491085323018097e-05,sensor
720575940634645729,0.00020774818603950252,sensor
720575940631893218,9.218766871828095e-05,sensor
720575940621702383,9.197435587991813e-05,sensor
720575940622357744,0.00018671913209728335,sensor
720575940622324991,0.001733763859264059,motor
720575940627502338,0.0007997786416153759,sensor
720575940627109123,0.00023760077129250887,sensor
720575940609414409,0.00048193311716220895,sensor
720575940609447179,0.00022453849264573544,sensor
720575940627764497,1.400348499188035e-05,sensor
720575940628813077,4.514768870511168e-05,sensor
720575940628780309,0.0004704549442009645,motor
720575940622849306,4.275707396955897e-05,sensor
720575940622292257,1.1137788448712818e-05,inter
720575940645885219,0.0001396178793224568,sensor
720575940613281064,0.00033076643355755,motor
720575940632319277,1.1193366235383043e-05,sensor
720575940647589172,0.0010516209129154308,sensor
720575940629894479,0.00026385792412202965,sensor
720575940620326253,6.607436731660335e-05,sensor
720575940636972400,6.348094793472945e-05,sensor
720575940637169015,0.00022391972662080703,sensor
720575940611249528,0.00022592370281445905,sensor
720575940610332024,0.0006422862795912016,inter
720575940626781565,3.201915686909685e-05,inter
720575940629304702,2.561024409763906e-05,motor
720575940627436933,7.414076741807834e-06,sensor
720575940620031366,0.0005902797626987308,motor
720575940620621190,4.89047470840188e-05,motor
720575940643231117,0.0006732761480660643,sensor
720575940615443858,6.868382273544339e-05,sensor
720575940623144340,5.4355075363478715e-06,sensor
720575940619998630,1.6562180427726645e-05,motor
720575940621997478,3.244631185807657e-05,sensor
720575940635596212,6.389857530313712e-05,motor
720575940620817867,0.0007452846125315114,sensor
720575940620588491,3.276945698914487e-05,sensor
720575940624225741,0.00032452319552159486,sensor
720575940613838289,0.000424948021536657,motor
720575940622161366,0.0005491077839582459,motor
720575940620522968,0.00027878611762165184,sensor
720575940619245016,5.9299081951621226e-05,inter
720575940641592795,0.0005613020173844505,sensor
720575940628485596,0.00044510185026391526,inter
720575940615575007,0.00033772662504155096,sensor
720575940605580768,8.24774354186119e-06,sensor
720575940634645985,0.0005615690720732738,sensor
720575940611675634,0.000259267158226742,inter
720575940620916229,0.00033864207058484765,sensor
720575940609381897,0.0009920441316912947,sensor
720575940630484495,0.00041741626905692533,sensor
720575940626388499,0.0,sensor
720575940626748949,5.0020008003201286e-06,sensor
720575940613740054,0.00013389628212145849,sensor
720575940635006489,0.000266668572190781,sensor
720575940604630560,0.0014046107861133874,sensor
720575940627043877,6.430985092449678e-05,sensor
720575940630550058,0.0006131346718581616,motor
720575940639823413,0.00020332577475434612,sensor
720575940631959097,0.0009376684536248364,motor
720575940619114048,0.000343441344791885,motor
720575940628059722,0.003006799535961201,sensor
720575940614461014,0.0003796018407362943,sensor
720575940618425949,0.0009741957055882624,sensor
720575940636153439,0.00012300980998459994,sensor
720575940620686964,0.0012177659664154262,sensor
720575940629730934,6.610951258810403e-05,inter
720575940661089921,0.001560797599463065,motor
720575940626749061,0.0002955012692907852,sensor
720575940616066705,0.0006007029796045402,sensor
720575940611905177,0.00013883410507059966,inter
720575940614428319,8.761599878046456e-05,sensor
720575940618426021,0.00046766987218167696,motor
720575940628420264,0.0,sensor
720575940608235186,0.0008901037965506569,sensor
720575940625536696,5.33546752034147e-06,sensor
720575940616197819,0.00033149244361229156,sensor
720575940625045180,7.864256813836645e-06,motor
720575940604401342,5.3678878958991016e-05,sensor
720575940619966145,4.001600640256103e-06,sensor
720575940632286924,1.677337601707349e-05,sensor
720575940641593051,0.000844996295776608,sensor
720575940604729056,0.00019515954529960124,motor
720575940638742249,0.00029291160908807964,sensor
720575940623374058,0.0005842830213882986,motor
720575940624094973,0.0014366510673533485,inter
720575940624193279,0.0003984314145335076,motor
720575940609677065,2.211995909474901e-05,sensor
720575940622227213,0.0007536938055645539,sensor
720575940628715285,1.5917478102352054e-05,sensor
720575940613478166,4.3673024765461736e-05,sensor
720575940644968215,0.00017967215746327394,motor
720575940624258857,0.00037762327153083465,sensor
720575940639889205,0.0020385763973699146,sensor
720575940640053045,0.0,sensor
720575940628059978,0.0013286987427893787,sensor
720575940640216910,0.0011460025809265503,sensor
720575940621047632,1.6096120988077768e-05,motor
720575940633007953,0.0016168852341321331,sensor
720575940620818261,3.66813392023476e-06,sensor
720575940621440859,0.001845013467506583,inter
720575940627076964,0.00011485864186944619,inter
720575940644968302,0.0002891572213300905,inter
720575940637136752,0.0004915949257936053,sensor
720575940619016059,0.0002600103533476882,motor
720575940629895038,0.0,sensor
720575940638644096,0.0005977555043181294,sensor
720575940627732361,2.2647948068116138e-05,motor
720575940626683792,0.0001469677818217234,sensor
720575940624750480,0.00016887628067099853,sensor
720575940613019541,0.0010155784536036634,motor
720575940616132509,1.1415677382063938e-05,sensor
720575940623210409,0.00018161709128095688,sensor
720575940620982192,0.000475899089794648,sensor
720575940605777841,0.0002255060754460514,inter
720575940616951739,0.00025849757892575017,sensor
720575940624095172,0.00011214168206965326,motor
720575940620720088,0.0004157491279340019,sensor
720575940630222812,0.00042326613716039046,motor
720575940634253281,4.043839758125474e-05,motor
720575940632614881,2.5661058074023262e-05,inter
720575940613347299,0.0002205495954995754,motor
720575940621375471,0.0001126376476516533,sensor
720575940641363957,0.0003154798956619684,inter
720575940653553654,3.4458227735538664e-06,sensor
720575940608038921,4.4173224845493744e-05,sensor
720575940616984588,0.01442429222401212,sensor
720575940628125715,0.00043000136562561524,motor
720575940633892909,1.2489122633180256e-05,sensor
720575940617476155,0.0,sensor
720575940638775359,0.0,sensor
720575940619671616,0.001414416824931031,motor
720575940618819668,0.001543493008629064,sensor
720575940620327003,2.7677737761771375e-05,sensor
720575940621899870,0.00015216880402954831,inter
720575940611610737,0.00037578336547924396,motor
720575940637464691,3.8094602920533294e-05,inter
720575940621506684,0.00014103180954921657,sensor
720575940629239934,0.00044585056244720114,motor
720575940606564482,0.00017033071044675685,motor
720575940621047943,0.0005165613864593458,sensor
720575940623276168,0.003671795108319719,motor
720575940620884103,5.9589053012509355e-05,inter
720575940637464718,0.0001750771737266335,sensor
720575940635891866,8.740056869308569e-05,sensor
720575940618295454,1.813620282747064e-05,sensor
720575940628453544,5.768974256369214e-05,sensor
720575940622162096,4.816370992841582e-05,sensor
720575940623636701,0.0014648352495991548,sensor
720575940615903455,0.0002992308034324841,sensor
720575940634646753,0.0022304578952238013,inter
720575940614363363,0.0032437948965059814,sensor
720575940614035683,0.0012717471437459426,sensor
720575940613183717,0.0018643949939468143,inter
720575940612036837,0.00012115163525727752,motor
720575940626847976,8.708033477941442e-05,sensor
720575940614756589,0.00017086384818477659,sensor
720575940629174513,0.0002806148914592292,sensor
720575940627405058,0.00017529260381401237,inter
720575940615149836,0.000335839845590234,sensor
720575940616984844,3.667018646923652e-05,sensor
720575940629502224,0.0003684820970235136,sensor
720575940620359956,0.00020775717694485204,motor
720575940645820695,5.174390189265704e-05,sensor
720575940629502251,0.0013076315182157518,motor
720575940615084339,5.33546752034147e-06,motor
720575940638349621,0.0007520164150316214,motor
720575940629403959,4.8288362964233324e-05,inter
720575940628683063,2.651854392550671e-06,sensor
720575940623702345,0.0022144561768911507,motor
720575940640119118,0.00011830374285356278,sensor
720575940620654928,0.0002053996201655266,sensor
720575940617673046,8.83686808056556e-06,sensor
720575940637628762,2.318969916008731e-05,sensor
720575940621801819,0.00150137304338985,sensor
720575940632779112,0.000855559684191137,sensor
720575940612921746,0.0002372051995401335,motor
720575940635859354,0.00018669478373359923,motor
720575940638677411,5.6266951224934425e-05,sensor
720575940627110330,0.0018289413649057507,sensor
720575940620097985,0.0007733727412598956,inter
720575940608661955,0.00017745431505935711,sensor
720575940631468485,0.00269344430894051,sensor
720575940629240263,0.0016838993894816223,motor
720575940645099976,2.0710848441940873e-05,sensor
720575940627732935,0.000875367013996379,inter
720575940627175879,2.8139827359515242e-05,sensor
720575940620818891,0.0001633640228578204,sensor
720575940621441494,0.00018073340447290033,sensor
720575940618131928,0.0005473655070493807,inter
720575940623538653,1.2193766395447068e-05,sensor
720575940614429165,1.7629562647569855e-05,sensor
720575940618066415,0.0,sensor
720575940611414514,0.0003491118669690097,sensor
720575940627438076,0.00023556063376991752,inter
720575940615346686,3.187941843404029e-05,sensor
720575940629961219,0.0006877043099031896,sensor
720575940626848275,0.0021088435614746138,inter
720575940627044885,0.0008222953202445,motor
720575940633893401,0.0011905490727019338,inter
720575940632713759,5.3105369131779695e-05,motor
720575940630485548,0.00023777923867959885,sensor
720575940611611182,1.506158018763061e-05,sensor
720575940632484409,0.0,sensor
720575940616198715,3.0134275932595264e-05,inter
720575940637661759,0.00020387970002815945,motor
720575940621802049,1.6673336001067094e-07,sensor
720575940616362562,0.00024198568316215373,sensor
720575940638874182,0.0017320790028373064,sensor
720575940618951252,0.00013757407724994766,sensor
720575940638874202,0.0025177778663172824,inter
720575940621277790,0.0004851361179392393,inter
720575940622457443,4.620049077832192e-05,sensor
720575940627044964,8.892445867235784e-07,sensor
720575940630223463,2.7233115468409584e-06,sensor
720575940637792880,0.0016428466287910055,sensor
720575940612856434,0.0019808172353190357,inter
720575940629437054,0.0030964547971850903,inter
720575940605876866,4.168334000266774e-06,sensor
720575940635335319,0.0015323318989785572,sensor
720575940612692633,0.0004595478403001416,sensor
720575940618721949,0.00017097396919325697,sensor
720575940633631396,0.005402419697929078,sensor
720575940632943277,0.00028561106982475526,inter
720575940604238513,3.912676181583745e-05,sensor
720575940631108303,0.00026037610811520374,motor
720575940615281361,0.0005914286349460422,sensor
720575940631370460,0.00010225836366292553,sensor
720575940621736669,0.0002103746260408926,sensor
720575940638907108,3.41058544774814e-05,motor
720575940624882407,3.8059668311769155e-05,sensor
720575940623637226,0.0007998985308409077,motor
720575940630190842,4.001600640256103e-06,sensor
720575940629437178,0.0006190603225417153,inter
720575940625242882,0.0008073890932034194,sensor
720575940628290307,0.00010924687335251561,sensor
720575940628716294,0.0001505176144531887,sensor
720575940624358152,9.93627202610796e-05,inter
720575940622719770,0.0009563542994306599,inter
720575940631927583,0.00019273293733077648,inter
720575940617444130,0.0031816298188347015,motor
720575940645526308,0.0005875246924166494,sensor
720575940626979621,0.0034509089350025723,sensor
720575940613380914,0.0002933498796343934,sensor
720575940630420281,0.0002310544116266405,sensor
720575940630715203,0.0002448528862094288,sensor
720575940626783065,0.0038330208836411315,inter
720575940635827051,0.0001558337620762591,sensor
720575940631501676,0.002752109821987774,sensor
720575940621933421,0.003228102352051932,sensor
720575940620360557,0.00035506136076364166,inter
720575940613643122,0.0008569343081147803,sensor
720575940622195572,3.742766948049061e-05,sensor
720575940622490484,2.567693744164332e-05,sensor
720575940619967355,0.001233078681207933,sensor
720575940645821316,2.886710239651416e-05,sensor
720575940626717573,0.0017977299625959084,sensor
720575940621638534,0.004054257684957023,sensor
720575940623637396,0.00025543231500614453,sensor
720575940635106202,0.0008271071128714186,inter
720575940634909594,0.00011307043259824373,inter
720575940620065694,0.005546586692545078,sensor
720575940616199071,8.560988868111717e-05,motor
720575940644641696,0.00020022956272456073,sensor
720575940631698340,0.0013170153102125886,inter
720575940632648612,0.000212974078520297,motor
720575940621835174,1.4619604455538831e-05,motor
720575940627110824,0.000506805235321642,inter
720575940622195625,0.0002894427612314768,motor
720575940634024877,0.0005842650927106116,sensor
720575940606696369,0.004169183787030926,sensor
720575940625013687,0.00013458716820061362,sensor
720575940606696382,6.325546091452455e-05,sensor
720575940630748098,0.0007828536898164756,sensor
720575940620819403,3.212396069538927e-05,sensor
720575940632189900,1.3383131030189852e-05,motor
720575940630518743,0.00015918748451761663,sensor
720575940627962844,0.00022103946956496669,inter
720575940605844448,0.0011437238916730715,sensor
720575940611644402,9.495464852607708e-05,inter
720575940623997949,0.0019225335877496746,sensor
720575940629863424,0.00012082610822106622,sensor
720575940631141376,1.2616157574140768e-05,sensor
720575940627307522,0.0014588041565832684,sensor
720575940625669148,0.000300712348431436,inter
720575940627930142,4.001600640256103e-06,sensor
720575940643789860,0.0002583666222621806,sensor
720575940617018418,3.5569783468943135e-06,sensor
720575940617903168,0.00017809848807247763,sensor
720575940620196929,0.0012070894717453342,inter
720575940620262465,0.0002752646031957756,sensor
720575940638088262,0.0003883180256229475,motor
720575940633893971,6.7804899737672844e-06,sensor
720575940619246677,7.785495150441129e-05,inter
720575940621802587,0.0003745921889679393,sensor
720575940608498780,5.885409719443334e-05,motor
720575940633173087,0.0020853905054085127,sensor
720575940629437545,0.00020388744723478613,inter
720575940611644529,0.0006458069408249485,motor
720575940622523508,0.005759471730009945,sensor
720575940610432120,0.0010110454623259745,sensor
720575940649229433,5.291799259386295e-06,sensor
720575940629142650,0.0004336854103760867,inter
720575940628028541,2.4532035036236717e-05,sensor
720575940648180868,0.00012791651051955174,motor
720575940628225167,0.0,motor
720575940618165393,0.0063184919720283925,inter
720575940617280657,0.00027375560613855936,motor
720575940633992346,0.00020682505806555424,motor
720575940632845476,9.449811670700028e-06,sensor
720575940618591403,1.3338668800853676e-06,sensor
720575940633926829,0.0,sensor
720575940606926001,0.00010633248008197992,sensor
720575940625013943,0.0005517820884967745,sensor
720575940629011655,0.0036668078856954387,sensor
720575940644576456,0.00042859842349638263,sensor
720575940623211725,0.00030818173830378707,motor
720575940640971995,6.669334400426838e-07,sensor
720575940636024056,5.224311947001023e-06,sensor
720575940626783507,0.0,sensor
720575940628716821,0.00028492272329807335,inter
720575940634090777,0.0,sensor
720575940632780063,0.00013638788848872885,sensor
720575940610530606,0.0009223433851284991,inter
720575940646608180,1.0159619403316883e-05,sensor
720575940629273913,0.00026504437753937555,inter
720575940638088511,0.00017706635323682141,motor
720575940622261569,0.00021705298280928537,sensor
720575940624227661,1.246053977146414e-05,inter
720575940640349518,0.0001621982126183807,sensor
720575940627733849,0.00018618311376886383,sensor
720575940625964377,0.00036363470352065807,sensor
720575940620098982,0.0,sensor
720575940628880808,0.0022567789742159506,sensor
720575940623179177,0.00019890337087215835,sensor
720575940617838009,0.0007408749213971302,sensor
720575940608335299,0.0002720683511499838,motor
720575940617280985,0.00039368683981529123,inter
720575940642545115,1.1449024054066073e-05,sensor
720575940631207388,0.0035590767349971035,inter
720575940604009952,0.00011634653861544618,motor
720575940639071721,0.0005576833908166442,sensor
720575940619771375,8.495144089381785e-05,motor
720575940642086389,3.999165803887693e-05,sensor
720575940625047037,0.00010588838710087208,sensor
720575940617281025,0.0009691283920975795,sensor
720575940629405190,0.00023782925868760197,sensor
720575940628815381,0.0007186594214405345,motor
720575940626390549,0.0007896918267066325,sensor
720575940623113752,0.004127930887084547,inter
720575940619148829,0.002398167925178729,sensor
720575940614954536,8.917217680723084e-05,motor
720575940618886710,0.0020554125024413146,inter
720575940630945335,0.0022800199944557685,sensor
720575940628356666,0.0017656755416859459,sensor
720575940631109187,0.0006943300149082464,inter
720575940610956868,8.892445867235784e-07,sensor
720575940628618824,1.8051665110488637e-05,inter
720575940628586056,3.037881819394424e-05,sensor
720575940633763411,0.00025825356597665515,inter
720575940635631211,3.984927304255036e-05,sensor
720575940629470838,6.48100510045288e-05,sensor
720575940608138882,0.0,sensor
720575940624391816,0.0004986229941712134,sensor
720575940633796252,4.9675425725845894e-05,motor
720575940607155890,0.0021177872858545127,inter
720575940611022515,0.0011232361779580661,sensor
720575940618460857,0.0034669693033538567,sensor
720575940616298171,0.0003698775806618944,motor
720575940606762686,0.004897709452856512,sensor
720575940644576968,0.0008204744860907327,sensor
720575940619411147,0.000407941298397481,sensor
720575940623146701,0.0001940093497716546,sensor
720575940612038350,6.669334400426838e-07,sensor
720575940634156755,2.997865812991864e-05,inter
720575940616888020,5.162700000635176e-05,sensor
720575940613152474,6.080209861722467e-06,sensor
720575940630847196,0.0017431470521647773,motor
720575940632714977,6.669334400426838e-07,sensor
720575940634320610,0.00034661765138956004,sensor
720575940613840611,5.5894311857566725e-05,sensor
720575940614037229,0.00021451381455383047,sensor
720575940619738863,1.4894846827619939e-05,sensor
720575940630683383,0.0006757592008942552,inter
720575940629012227,6.87616316367817e-05,motor
720575940622917381,0.00038046753092771515,inter
720575940629077766,0.0001287515006002401,sensor
720575940625702670,0.00020995673401635783,sensor
720575940628258577,0.0004998020372170033,sensor
720575940628586261,8.609237345731943e-05,sensor
720575940635041561,0.00021992154084121308,sensor
720575940621475610,0.00133632952940676,motor
720575940628586283,0.00021173756437862072,motor
720575940629995319,0.0003283421834342202,inter
720575940615708482,9.663230371513685e-05,sensor
720575940616068933,3.4897722668483155e-05,inter
720575940627111752,0.0005407779513921969,inter
720575940622786380,6.92327436024915e-05,sensor
720575940627537753,0.00018952025254546258,inter
720575940617314141,0.0001888316173030059,sensor
720575940633927519,0.0016524720419248814,sensor
720575940627210084,4.665940450254177e-05,sensor
720575940628356969,5.968101526324816e-05,sensor
720575940615905130,2.4183747573103324e-05,sensor
720575940637106032,0.0005200445257468069,sensor
720575940621213556,0.0007739106224500387,inter
720575940630290302,0.00013077349747017615,sensor
720575940620754815,1.937124055971595e-05,sensor
720575940627996568,1.328309101418345e-05,sensor
720575940613382041,0.0007354662884874967,sensor
720575940634877850,9.992886043306212e-06,motor
720575940630159259,2.3676137121515275e-05,sensor
720575940616101789,0.000454022373740261,motor
720575940628586408,2.929743325901789e-06,sensor
720575940618330041,0.0009034014519708801,inter
720575940618100665,6.230269885732073e-05,sensor
720575940621705153,2.8962378602234553e-05,sensor
720575940616363974,0.0010350049665775955,sensor
720575940637368286,0.00037781384800192325,sensor
720575940627439592,0.00088865654486903,inter
720575940622557168,0.0006792575375508549,sensor
720575940613087218,0.0003937683539024078,inter
720575940641464309,0.002072709795799032,motor
720575940641791989,0.00013835693007361674,sensor
720575940630487035,0.0007331779272555587,motor
720575940631011328,0.0012686194246818495,sensor
720575940620918789,0.0020340030191970974,sensor
720575940609941515,0.0003298827106600216,sensor
720575940631339026,0.0,sensor
720575940627275795,0.0,sensor
720575940645134359,0.0001780302308513593,sensor
720575940634812441,1.6917878262416078e-05,sensor
720575940630978602,2.3120359254813038e-05,sensor
720575940631306284,3.0274014367651825e-05,sensor
720575940617019442,0.0009200280641357073,sensor
720575940616921152,0.00016127482739127394,sensor
720575940623343692,2.5210878001994457e-05,sensor
720575940639432782,0.0008889664331341,motor
720575940620001360,6.385570101056296e-05,sensor
720575940631732311,0.0015663699582767214,sensor
720575940620656731,0.0005421054905848826,motor
720575940615905373,0.00011878878535541198,sensor
720575940610236514,4.927473634956628e-05,sensor
720575940628947047,4.526254946423013e-05,sensor
720575940620689517,0.0009333443234974439,inter
720575940613841010,4.520220786727391e-05,sensor
720575940640415859,0.0001918267788115727,sensor
720575940629766266,0.002396483990421567,motor
720575940630290558,0.0004218245499257905,sensor
720575940624261256,0.0005771059746649984,sensor
720575940655587489,2.1730914588057442e-05,motor
720575940639170723,0.0005433550404288705,motor
720575940605780140,0.0018232101383862094,inter
720575940605911212,9.726112667289138e-06,sensor
720575940605386930,0.0014217718833565178,sensor
720575940624982202,0.0,sensor
720575940625998012,1.1117145270806735e-05,sensor
720575940623605981,0.00037251789197567507,sensor
720575940618592486,0.00013661496344569577,sensor
720575940625441003,0.0006706214231724437,inter
720575940621345006,0.00019705183660765897,sensor
720575940630520059,0.0002117265098957776,inter
720575940628914436,0.0007005033735475914,sensor
720575940625146122,1.30718954248366e-05,sensor
720575940616397068,0.0003631852452380664,sensor
720575940628455697,0.0005148254588030502,sensor
720575940621771041,0.0005045287956452421,motor
720575940630716716,0.0006867262778127124,sensor
720575940625867056,0.0017962327788258172,motor
720575940620624177,0.0005395295684411334,inter
720575940616167730,0.0002087533426068839,sensor
720575940646576436,1.5302152607074574e-05,sensor
720575940618002747,0.0011028824228103934,motor
720575940616298816,0.0006576156853017597,sensor
720575940620362049,0.00013814732242103185,sensor
720575940616626498,0.0,sensor
720575940618985812,0.0,sensor
720575940631929175,0.00014328270990936057,sensor
720575940627669337,0.00028440873703978943,sensor
720575940637532517,0.0001821792208947071,sensor
720575940631994728,0.00013718629762810597,motor
720575940645527918,8.336668000533548e-06,motor
720575940630126966,0.00014631566912479282,motor
720575940661289345,0.0007811156208515154,sensor
720575940632682892,0.0005082914118028164,sensor
720575940620165541,5.993508514516919e-05,inter
720575940621607334,0.00046732474393538825,sensor
720575940614660519,0.0006493560387117815,motor
720575940627341736,0.0015745552189129627,sensor
720575940618068409,0.0002579095130115538,sensor
720575940628324802,0.001187010644343577,sensor
720575940621902301,0.0005536193313304161,motor
720575940613579237,3.0534435996620876e-05,sensor
720575940610761189,0.00021929163310715946,sensor
720575940624163303,0.0026870433358528595,motor
720575940621148660,1.2304921968787515e-05,motor
720575940622721524,4.872848610343609e-05,sensor
720575940641366517,0.0,motor
720575940628062714,0.00010356999942834278,sensor
720575940630225403,0.0004971973394124863,sensor
720575940613808638,0.001258133676751124,inter
720575940628914692,9.774782929044634e-05,sensor
720575940628455942,0.00016617202436530165,inter
720575940632912409,0.00033622077979821073,sensor
720575940618166811,0.0017121602609297686,motor
720575940627014172,2.4309723889555822e-05,sensor
720575940632650271,0.0006044060481335394,motor
720575940645888547,0.0007016645282451606,sensor
720575940626555440,0.00017823478597788324,motor
720575940647952948,0.000866296253951316,motor
720575940629602871,0.0003530324828344036,inter
720575940630618680,0.003007870873217013,motor
720575940616561211,1.0170734960650928e-05,sensor
720575940620362305,0.0,inter
720575940629275210,4.557378506958339e-06,sensor
720575940626358861,0.0009738916342862275,sensor
720575940633305681,0.0012519219327942815,sensor
720575940608500316,1.1210833539765113e-05,motor
720575940635206251,0.00038763804260002745,inter
720575940623475324,0.0013217869158245312,sensor
720575940621148799,0.00022358149609049967,motor
720575940621804159,0.00018835867680405498,motor
720575940622688895,0.0,sensor
720575940608336514,0.0006877940653450859,inter
720575940606894722,0.0006027156894503834,inter
720575940639761024,0.0,sensor
720575940618625671,0.000461197971251993,sensor
720575940627800728,0.0006738708951594106,sensor
720575940618265246,6.407589490822783e-05,sensor
720575940621640363,0.001377840369136887,inter
720575940636418740,0.0004415200423603788,sensor
720575940622361270,0.0,motor
720575940625048250,5.6468619193709254e-05,sensor
720575940629111490,3.067893824196345e-06,motor
720575940630258380,1.1504601840736295e-05,sensor
720575940622066390,0.00027495601415169243,motor
720575940625474279,0.00020012464294524946,sensor
720575940621771502,2.503223511626873e-05,inter
720575940622525168,2.6690305751930403e-05,sensor
720575940630487802,6.604387786860778e-05,sensor
720575940625146621,0.003299599854371763,sensor
720575940622623501,0.00018669134320394826,sensor
720575940621148948,0.006343817937585885,inter
720575940622263066,0.0044901036172044564,motor
720575940619150109,7.013389771493013e-05,sensor
720575940626293534,0.0011706498024525237,sensor
720575940631536415,0.00041292101256086854,sensor
720575940625048393,7.746431906095771e-05,sensor
720575940627964746,9.614957093948693e-06,sensor
720575940628325202,1.6862300475745853e-05,sensor
720575940613940074,0.001378258999607539,inter
720575940629701484,0.002161790112870545,motor
720575940612727665,0.00018351308777479243,motor
720575940649591673,0.00041848564822754517,motor
720575940622590847,3.9134940486785586e-05,sensor
720575940637565838,0.000957560496726163,motor
720575940635599758,0.00035514920253815804,motor
720575940620723126,0.0001981418463228578,inter
720575940606141374,0.0,sensor
720575940635960255,7.078016391741882e-05,sensor
720575940631176151,0.0003028293327913177,inter
720575940618200024,2.435894992917802e-06,sensor
720575940612203482,0.00013760241951518462,motor
720575940604470240,0.005065783720895767,inter
720575940611843043,2.0463741051976345e-05,sensor
720575940613481445,0.000339237282214473,sensor
720575940622066666,7.058378907118404e-06,sensor
720575940619674606,0.0008848978744937128,sensor
720575940625703923,0.0021029514980595424,inter
720575940630029307,0.0008024085776686811,inter
720575940614595582,0.0013150524848682373,inter
720575940615513086,3.7292108170459516e-05,sensor
720575940623901695,0.0016360345390510087,sensor
720575940629111814,1.3294206571517497e-05,sensor
720575940626818085,0.0010796965250746767,motor
720575940624524326,0.0003118247298919567,sensor
720575940614956072,6.526420091846262e-05,sensor
720575940616758322,0.0005946978006801942,sensor
720575940633011256,0.00045837276709625655,sensor
720575940632486969,0.0011560340279871569,motor
720575940616332354,0.0008032962583782912,sensor
720575940625310793,0.0002574109008682839,inter
720575940638024794,7.418602361579553e-05,motor
720575940628030567,0.0006701132834086019,sensor
720575940629701737,0.00528997076185363,motor
720575940629046377,0.0004062736205593349,sensor
720575940637009007,0.00034964885425069485,sensor
720575940612465777,0.0003217022258638905,sensor
720575940612793457,0.00011523021907175574,sensor
720575940623770760,0.0,sensor
720575940643300493,0.0006499671907835173,sensor
720575940625310868,8.421860807815189e-05,sensor
720575940641629344,0.00034529049715124145,inter
720575940613579943,2.4519596198267662e-05,sensor
720575940634027188,0.00017806752330561858,sensor
720575940620657857,0.002213776894736234,motor
720575940614923462,0.001223617753979899,inter
720575940628653255,0.00043603711325800184,sensor
720575940606010569,5.446623093681917e-06,sensor
720575940626162890,0.0004243431725294038,motor
720575940630291671,0.0004768611148162972,inter
720575940637664478,0.0,sensor
720575940634289377,3.167933840202748e-06,sensor
720575940627866856,0.000648082008176046,motor
720575940623443179,2.7539587263476823e-05,sensor
720575940641989877,0.0,sensor
720575940629996794,0.00018658177556736983,sensor
720575940614006014,2.556578186830288e-06,sensor
720575940608468233,0.00015353628223776285,sensor
720575940620100884,0.00024535242774712467,inter
720575940633175327,0.0006879913340997777,sensor
720575940626982181,0.00021752669321696935,motor
720575940612957480,0.00023420585165283034,sensor
720575940629833003,0.0,sensor
720575940632847661,0.0,motor
720575940633240879,6.669334400426838e-07,sensor
720575940632618287,0.0002278350493636608,sensor
720575940615251251,0.0002130831168446214,motor
720575940647560500,0.00018205377389050853,motor
720575940630291767,0.0003362257601453279,motor
720575940629177655,0.00027530326704996576,inter
720575940615415106,8.637264429581358e-05,sensor
720575940615808342,0.0003404547003986778,sensor
720575940621542747,0.0003709198112959619,sensor
720575940617938269,0.0005113182839273277,motor
720575940605191526,0.00010638858718090412,sensor
720575940628587879,0.000156313318978385,sensor
720575940612990321,0.001046032352705022,motor
720575940620690804,0.0002865719547892417,inter
720575940610270584,0.0015490352225546301,motor
720575940650935673,0.0018342207975061114,sensor
720575940621673852,0.0017909966128753633,sensor
720575940621116807,0.00010109758188989883,sensor
720575940632126860,0.00030739676823110187,sensor
720575940635960730,0.001925888922187441,sensor
720575940627277242,0.011861648387108577,sensor
720575940621477312,0.00020845798636915083,motor
720575940611352014,0.002221215899687289,sensor
720575940622624214,0.0007531025637768332,motor
720575940616201695,9.190342803788184e-05,sensor
720575940634748385,0.00573416831860209,sensor
720575940634584546,8.501972217458412e-05,sensor
720575940633339362,6.791605531101329e-05,inter
720575940624623082,8.447823573873994e-06,sensor
720575940622558699,0.0,sensor
720575940620887536,0.00018814695190245406,inter
720575940627604977,0.0007272768599799416,inter
720575940653295094,0.000237088750844253,sensor
720575940629112316,0.00023815497262401122,sensor
720575940615972353,4.039393535191854e-05,sensor
720575940634715673,0.0,sensor
720575940617446939,3.69036503490285e-06,sensor
720575940627015196,0.0022296842257826647,motor
720575940618757666,0.00018445866340024002,sensor
720575940613449256,0.0006796981492859845,sensor
720575940614792744,0.0004828730915165489,sensor
720575940628522540,0.0003824072974733238,motor
720575940620330545,0.0005986497773712661,inter
720575940646708788,1.077494489859436e-05,sensor
720575940627867194,4.698546085100707e-05,sensor
720575940618069563,0.0012002897599636291,sensor
720575940639008319,2.652171979903073e-05,sensor
720575940622493260,9.774068357501732e-05,motor
720575940620953173,0.0005782720736202131,sensor
720575940615808598,0.00015609100783170416,sensor
720575940638910040,0.001466090241550426,inter
720575940640482904,0.00021301192434645814,sensor
720575940623050334,0.0008707536165019158,inter
720575940622722659,8.227338554469407e-05,inter
720575940613351018,0.00011272445486130963,sensor
720575940660340353,0.0,sensor
720575940627801737,9.495464852607708e-05,sensor
720575940637304462,0.0037342687990947277,sensor
720575940635895438,1.1615757414076741e-05,sensor
720575940624426643,4.042728202392069e-05,sensor
720575940616791709,0.00029251224299243496,sensor
720575940616169117,0.00016541696043496763,sensor
720575940621444779,0.0004191131479046645,sensor
720575940636944046,0.0,sensor
720575940623476407,5.4528649066464194e-05,motor
720575940624426680,0.00030387551846135284,motor
720575940624623287,5.082826781506253e-05,motor
720575940620494529,0.0003009711821236431,inter
720575940610500291,0.0008803049506330815,sensor
720575940608566979,2.0413721043973148e-05,inter
720575940632585932,7.526637398586178e-05,inter
720575940641957595,0.0007397695008739429,sensor
720575940616136415,4.052304682556785e-05,sensor
720575940615382751,6.224712107065048e-06,inter
720575940618594022,0.0004707698134568883,motor
720575940623083242,0.00041646129351211383,sensor
720575940624033516,0.00012194560363828072,inter
720575940624525043,8.825161080474972e-05,sensor
720575940630587130,3.445822773553866e-06,sensor
720575940616824588,0.00011549884504066177,sensor
720575940631340815,0.004631100038713086,motor
720575940628031249,0.00028937765582423444,sensor
720575940627801877,1.722911386776933e-05,motor
720575940613154582,7.30871713764871e-05,motor
720575940626949925,2.3342670401493934e-06,sensor
720575940630914858,0.000603347423625535,sensor
720575940629866283,0.0,motor
720575940632946477,5.7931108951517125e-05,sensor
720575940609681198,0.00038108533456672727,inter
720575940620330801,0.00012332710862122628,sensor
720575940616955698,0.0014026420091846255,sensor
720575940632323896,0.0001792140136477872,sensor
720575940627081022,2.5132275132275133e-05,sensor
720575940622165825,1.024854386198924e-05,sensor
720575940633208647,0.0022612436749591615,motor
720575940631406411,0.0005048319163095508,motor
720575940630882131,0.0009379299338783131,sensor
720575940615710570,7.824240807434083e-05,sensor
720575940650149753,0.0001775723516919995,sensor
720575940618561403,0.0006536077930635756,sensor
720575940619642747,6.39144546707572e-06,sensor
720575940630652798,0.0006960234069577806,sensor
720575940617414539,0.00013966724255839901,sensor
720575940633077644,0.019308585338897465,sensor
720575940616038294,0.0004221381674362867,motor
720575940627277754,0.0003174185017922513,sensor
720575940640155581,0.0005593086440925577,sensor
720575940631930828,0.0008339694056480772,sensor
720575940638779364,4.287270463741052e-05,sensor
720575940639172585,0.005853799865304469,inter
720575940614465517,0.002877102270034443,sensor
720575940621150191,3.7153750389044516e-05,motor
720575940628719619,7.482225694510608e-05,inter
720575940627146756,0.00010774362655114955,motor
720575940623017989,0.00018872654882058648,motor
720575940617086988,0.00026752134235127434,sensor
720575940634978329,0.0,sensor
720575940623149089,0.009573685538521472,sensor
720575940614236200,4.267341857377873e-05,motor
720575940629047340,2.369786298357727e-05,sensor
720575940625737776,0.00046325964248133126,motor
720575940614137907,0.001063467715128379,inter
720575940623444044,0.004025788983221954,sensor
720575940623345740,0.0,sensor
720575940624394317,7.096251198892256e-05,inter
720575940628883535,0.0005601408191944407,motor
720575940618987600,0.006795083541982307,inter
720575940631603281,6.697874232388039e-05,sensor
720575940634617952,0.0003877230786494494,motor
720575940619249761,1.953638598296461e-05,sensor
720575940623935588,0.0002019469070789599,sensor
720575940628523113,0.00031662352040209054,sensor
720575940616169578,0.0012689565521698378,sensor
720575940614367338,0.001059983324739227,inter
720575940638681203,0.00044501085667552254,sensor
720575940627179651,0.0002810496710230516,sensor
720575940633176204,0.0008917281031626775,sensor
720575940616923281,1.7529233915788538e-05,motor
720575940622657684,0.0013191903986221711,inter
720575940612630677,0.0,sensor
720575940614432918,0.002931228270714065,motor
720575940613580953,0.00030627250900360143,sensor
720575940616169629,5.602399690034745e-05,sensor
720575940615743650,0.00026006354922921543,sensor
720575940640352419,0.0,sensor
720575940611516586,8.998043661909207e-05,sensor
720575940635863214,0.0007567861680506736,inter
720575940619610294,0.00013980183222880301,inter
720575940626000056,0.002838134193626392,sensor
720575940644776136,0.0002666272858349689,sensor
720575940610468050,2.319816815615135e-05,inter
720575940630259927,2.662175981503713e-05,sensor
720575940628916444,5.7199070104232165e-05,sensor
720575940614727903,1.556178026766262e-06,sensor
720575940604569824,0.00034748544000070696,inter
720575940622559476,6.676162528503464e-05,sensor
720575940651231478,0.0003429157377236608,motor
720575940635535608,0.0008013694488784521,sensor
720575940636616952,3.167933840202748e-06,sensor
720575940629702905,0.00016828477422715124,sensor
720575940615481598,0.0006256810224868039,inter
720575940625508610,5.491085323018096e-05,sensor
720575940626557186,6.23582766439909e-05,motor
720575940627605779,0.0002861812668235237,sensor
720575940624001321,3.029703945070092e-05,sensor
720575940632455466,0.0013187971196174477,sensor
720575940632029496,1.1004401760704283e-05,motor
720575940618135867,0.00011187596731814421,sensor
720575940628785468,1.0559779467342495e-05,motor
720575940639631686,3.334667200213419e-07,sensor
720575940618070365,0.000553092665637684,sensor
720575940631538028,0.0028263093264093674,sensor
720575940612860273,0.0029314781301576017,sensor
720575940635339127,5.018197755292593e-05,sensor
720575940622920074,0.0009083435581284721,sensor
720575940621674890,0.0,sensor
720575940633209228,1.9974656529278376e-05,sensor
720575940617316753,0.0003163924781071639,sensor
720575940612204949,0.00024384862169976208,sensor
720575940616038806,0.00012864616746169366,sensor
720575940630161819,0.00025011909525715046,sensor
720575940624722359,3.4925081143568544e-05,sensor
720575940634388927,0.00016159400268043726,motor
720575940621773249,0.0006915559467580276,inter
720575940616530374,0.000934380943334525,sensor
720575940643039688,8.975336166212515e-05,inter
720575940611385806,0.0005799849040145161,sensor
720575940628982268,0.00046408912346591766,sensor
720575940626557442,0.0007770483854917628,motor
720575940620036613,2.4239854672027537e-05,sensor
720575940625377800,0.0,sensor
720575940629768722,0.000726591557924091,motor
720575940620298772,0.00016067114676558456,motor
720575940645693988,0.006733523707888452,inter
720575940624394790,0.0016232856877055734,inter
720575940624951847,0.0031156372601950835,inter
720575940623608361,0.005179351297998757,sensor
720575940616727090,0.00031668148259784913,sensor
720575940629473847,0.00033947150288686907,inter
720575940638288447,0.002059779220268415,sensor
720575940613843522,3.970080095530276e-05,inter
720575940611091012,8.558209077547247e-05,inter
720575940623444556,0.00110409804022249,sensor
720575940623149644,3.142368058334445e-05,sensor
720575940631898711,0.0004104862002521068,sensor
720575940640254552,0.000862464081351636,sensor
720575940625082969,5.089893100097184e-05,sensor
720575940638648922,0.0003325429019619738,sensor
720575940633471583,0.0007285589079306571,sensor
720575940610697826,8.279978658129919e-05,sensor
720575940626983524,0.0006076647590253034,sensor
720575940626295396,0.0012553283218049121,motor
720575940631997032,0.00018069608795899314,motor
720575940611746418,0.0008907978535329477,motor
720575940618398331,0.00021673854727076008,sensor
720575940639468160,0.00028625736008689194,inter
720575940623084170,0.0016693749409335647,motor
720575940637502094,1.3338668800853676e-06,sensor
720575940625050256,0.00020544355308260877,motor
720575940635601559,0.0014819118123439846,sensor
720575940627475096,4.9347516784491584e-05,sensor
720575940634782359,0.0024560853923098827,motor
720575940605029036,0.00022424120238245888,inter
720575940633995949,0.00014949365989782164,motor
720575940633176749,0.0006333526195470973,sensor
720575940640025277,6.631700299167285e-05,sensor
720575940634094271,0.0003426203814859277,inter
720575940616923846,0.00011490786790906837,sensor
720575940629015239,0.0003329268215222597,sensor
720575940614138577,0.0,motor
720575940610075346,0.0002445835477047962,sensor
720575940631341788,0.0011015490852425629,sensor
720575940634258146,3.546497964265071e-05,motor
720575940617677542,2.89004490685163e-06,sensor
720575940624231143,0.0008020954413511436,motor
720575940623444715,0.00023330587646313924,sensor
720575940611123954,0.0001179842307293288,sensor
720575940627737365,0.0004981849642213789,sensor
720575940624100120,4.51291627762216e-06,sensor
720575940629539628,0.0015334255543339181,inter
720575940625345328,0.0006981610104359208,motor
720575940632030008,0.0005548473357597009,motor
720575940632521529,4.499101227792706e-05,sensor
720575940618398533,0.0028375683440209254,motor
720575940638714694,0.00019710900233109124,motor
720575940633668435,5.6952145937740184e-05,sensor
720575940617349974,0.00046194430153013576,sensor
720575940622560094,0.0004837485258653729,sensor
720575940634356587,0.0012738192198476308,sensor
720575940636420976,0.00035394872234608137,motor
720575940630489982,1.1059979547374505e-05,sensor
720575940622461823,0.0007735014640776938,sensor
720575940608174978,6.870684781849247e-05,sensor
720575940619840427,0.0001574550455102676,inter
720575940615023535,0.005595577252064845,motor
720575940621052848,0.001222108949399866,sensor
720575940622363574,0.0010534660954328817,inter
720575940616727483,0.0002704661229571192,sensor
720575940625574844,0.0033390107988417878,sensor
720575940629900226,0.0004100894325984362,motor
720575940610501571,0.00034339721497193186,inter
720575940625705930,1.9077546610298844e-05,motor
720575940634061779,0.00043967503566343097,sensor
720575940633373651,0.00012264588375032553,motor
720575940613090266,0.0,sensor
720575940618398694,0.0003354331150449597,sensor
720575940625673196,0.00027101475510839257,motor
720575940621806574,0.0006052828779419415,sensor
720575940628851697,0.00015951936330087593,sensor
720575940631342073,0.0004780010128149384,motor
720575940623182847,0.0003622351056824846,motor
720575940628884486,0.0004094272870283275,sensor
720575940645989399,3.762616157574141e-05,sensor
720575940624755742,0.00024311258895092427,sensor
720575940626983973,0.0,sensor
720575940631964729,2.462095949490908e-05,sensor
720575940617645115,0.00019868211834998546,sensor
720575940627016766,0.0005039849273042552,inter
720575940623346764,2.1159257353735146e-05,sensor
720575940631899223,0.00020636357209447982,sensor
720575940626721881,0.00019850956255518078,sensor
720575940626099289,7.873705037570583e-05,sensor
720575940623248483,0.00015510781031989517,sensor
720575940625673316,3.195166955671158e-05,sensor
720575940612238449,0.00020040979354704852,sensor
720575940637666446,2.0779211155361614e-05,sensor
720575940635831438,0.00026399607462032436,motor
720575940637633678,0.001157784307344131,sensor
720575940616039574,0.0010887733400238393,sensor
720575940626263192,0.0011671157881141874,sensor
720575940621413541,0.002539396196559062,sensor
720575940633406668,0.0007466864479169401,sensor
720575940630097103,0.0001453348128017996,sensor
720575940613221585,0.00024157284366367997,inter
720575940611550418,1.0559779467342494e-06,sensor
720575940633308371,0.00045848815716762907,motor
720575940608765141,0.0009258317324043608,inter
720575940617907430,0.0,sensor
720575940625444075,2.272019919078743e-05,sensor
720575940651986166,0.00016933678233198041,motor
720575940636454136,0.0009477941970438971,motor
720575940628524292,0.00010761209245603001,sensor
720575940628425990,0.0002100538628149672,inter
720575940624395528,0.0018337589003855517,inter
720575940608339209,6.746616395475939e-05,inter
720575940630883599,0.0025605994201432377,inter
720575940617809181,0.00045496029099470475,motor
720575940629933354,0.00014356298074785475,sensor
720575940629638443,0.000500244277605222,sensor
720575940628360506,0.00010105153172380064,inter
720575940616695099,0.00045608587350284065,motor
720575940631997767,0.00040843763227716806,inter
720575940624919881,0.00016800053354675202,sensor
720575940629179722,0.0037402077954799026,sensor
720575940626263373,7.143015936533342e-05,sensor
720575940632915281,0.0014474551725452086,inter
720575940632227155,0.00015017623210900524,sensor
720575940631670103,3.1045751633986935e-05,sensor
720575940623478115,0.0005812502249577079,motor
720575940627344740,0.0017731586011397943,inter
720575940611124600,0.0,sensor
720575940630556026,0.0013526008983662634,sensor
720575940646088068,7.2251122671290745e-06,sensor
720575940623314312,4.773472640619501e-05,motor
720575940624428426,2.442087946289627e-05,sensor
720575940622724521,3.692588146369659e-05,sensor
720575940621413803,0.00044891236918047665,sensor
720575940619644336,2.8589213463163046e-05,inter
720575940620561840,0.0011192489816439393,motor
720575940605095346,0.0010527680241815894,motor
720575940624690613,1.0004001600640257e-06,sensor
720575940622101942,6.002400960384154e-06,sensor
720575940623707575,0.0005268278695649645,sensor
720575940617219515,0.00012127522966858701,sensor
720575940610436547,1.2344620387837676e-05,sensor
720575940624330180,0.00028916778351552265,sensor
720575940620332491,0.00013231511940995733,sensor
720575940611812818,0.00015400128305290375,inter
720575940631342551,3.2802009692765994e-05,sensor
720575940619152856,0.0011940712793053732,motor
720575940617088473,9.826152683295539e-06,sensor
720575940623478237,5.896326784682125e-05,sensor
720575940634586594,4.335067360277444e-06,sensor
720575940610403813,0.0003493876627129928,inter
720575940625673708,0.000560092290884608,inter
720575940621544943,0.0017953722864437155,sensor
720575940631145977,0.0002953713231324276,sensor
720575940629179900,0.0011811457627784155,sensor
720575940630851072,4.585207231483132e-05,sensor
720575940628459011,0.00025017652563670973,motor
720575940607880713,0.0004208953422638898,inter
720575940616826380,0.00041154662923370403,motor
720575940629704210,0.0003883013522869464,inter
720575940628360723,4.869725668044996e-05,motor
720575940621315604,1.139344626739585e-05,sensor
720575940627410451,0.0,motor
720575940619709972,0.0004713194801730215,inter
720575940623019544,0.0005382756998903459,motor
720575940624330281,6.586867551253306e-05,sensor
720575940629507627,1.5973055889022276e-05,sensor
720575940613025331,0.000725692459342441,motor
720575940613418547,0.00034759062355100765,inter
720575940617514550,2.4734496973392534e-05,sensor
720575940624526925,0.0003538036907884847,inter
720575940608241244,0.0005169456671557514,sensor
720575940635340384,6.0690943043884224e-05,sensor
720575940636552805,0.0002116624427548797,motor
720575940630589036,9.669100957790348e-05,motor
720575940639338099,0.0007611168880176482,sensor
720575940630720126,1.7580536488099514e-05,sensor
720575940615941782,8.054968018953614e-05,sensor
720575940634291863,0.00022087245931783742,sensor
720575940640550563,9.795029122760217e-05,sensor
720575940628885160,0.00011942585602484343,motor
720575940622495401,0.0010832089930729381,inter
720575940614237871,0.0,sensor
720575940612337331,0.0028238200282517992,inter
720575940623216311,6.153254952774761e-06,inter
720575940635897535,1.0448623894002045e-05,sensor
720575940625477322,0.003576293745011232,motor
720575940623806157,0.00031532560113992677,sensor
720575940608241365,0.0010587404070297227,sensor
720575940642549467,0.00013439748193649754,motor
720575940630949596,0.00022541373081589165,sensor
720575940634455778,0.00035432188748515275,sensor
720575940617678566,0.0007775340535444579,motor
720575940608044811,0.0,sensor
720575940626624275,1.5993019281291113e-05,sensor
720575940628360981,1.3338668800853676e-06,sensor
720575940645564183,0.0004735301528018614,sensor
720575940630982442,2.3811111746285815e-05,inter
720575940625870640,0.0011243957900620566,motor
720575940616564534,0.00011201702903383577,motor
720575940632588099,0.0002950743789579324,motor
720575940631801671,3.49155535229965e-05,sensor
720575940625379145,0.00012993544819318606,sensor
720575940620889936,0.001509427010527451,inter
720575940631670615,0.0006446263690661453,inter
720575940638060378,0.002468635010151617,sensor
720575940616990557,3.6870303677026374e-05,sensor
720575940635504480,0.00011335039066131507,sensor
720575940611845986,0.0006406541452559862,sensor
720575940623904611,0.0,sensor
720575940637536101,0.0002596498917027127,sensor
720575940631441256,1.5784091414343516e-05,sensor
720575940615614314,1.539504690765195e-05,sensor
720575940620595053,0.00044834130973586765,sensor
720575940646350702,7.277355386599085e-05,sensor
720575940636651376,0.0001605094418719869,motor
720575940620988276,0.0005701632745450274,sensor
720575940623413116,0.00014836013770587605,inter
720575940622266236,0.0007665912926016977,motor
720575940648447876,5.620105184931115e-05,sensor
720575940643303309,7.503001200480192e-06,sensor
720575940626427792,1.4572495664932642e-05,sensor
720575940634750871,0.0006088993966753769,motor
720575940644646816,0.00010345963782338334,sensor
720575940614238114,0.0021729190668016212,sensor
720575940640845731,0.0,sensor
720575940620103595,0.0011690782132959003,motor
720575940603817900,0.00010905263981494474,sensor
720575940613189555,5.192076830732294e-05,sensor
720575940622331830,0.0024437008569661634,sensor
720575940622364598,0.0006409561174945591,sensor
720575940634062803,0.0005396767653670417,sensor
720575940612992986,1.5006002400960384e-06,sensor
720575940613091290,0.001004414464198378,sensor
720575940619612142,0.0003982894745199667,sensor
720575940622168052,0.0,motor
720575940629671952,4.887510559779468e-05,sensor
720575940628197392,0.0002443114812062392,motor
720575940620300308,0.0002936211911106216,motor
720575940627312668,3.659241474367526e-05,sensor
720575940618596381,3.094571161798053e-05,sensor
720575940633112623,1.2023063193531384e-05,sensor
720575940614828082,0.0004943979830434414,inter
720575940647890996,0.0,sensor
720575940631703608,8.498382630644231e-06,motor
720575940632850503,4.54496613460199e-05,sensor
720575940617613398,0.0011775546197314898,sensor
720575940634325087,6.602482262746368e-05,sensor
720575940609781858,6.669334400426838e-07,sensor
720575940629672041,0.00027587304763175113,sensor
720575940612730997,0.00033202328550467803,sensor
720575940641173632,0.0007999793786608513,motor
720575940606505090,0.0002513751532358975,sensor
720575940626591875,0.0004822352221311806,inter
720575940627083397,0.0030047682946342407,inter
720575940621545606,0.002814114258016819,inter
720575940620759174,0.0,sensor
720575940622594186,7.145903094282444e-05,motor
720575940622037139,0.00037966615217515574,sensor
720575940624101524,0.0007596987207581447,motor
720575940613583001,0.0016765171499682958,inter
720575940613189785,0.0016644865719995779,sensor
720575940654117025,1.6673336001067094e-06,sensor
720575940615680162,0.00012022295690763077,sensor
720575940605948076,0.00028578812477371895,motor
720575940604735660,0.0018255262422429296,motor
720575940606767281,0.00014715674629640216,sensor
720575940622364854,0.0019491657005358135,sensor
720575940622102710,0.0,sensor
720575940622201014,4.446222933617892e-06,sensor
720575940624986300,0.0001314839427834626,motor
720575940620464321,2.1842070161397893e-05,inter
720575940631343319,0.0007261989766491569,sensor
720575940617089241,0.00037372517549588377,motor
720575940612894938,0.0003763547747141186,sensor
720575940631343324,5.436301504728875e-05,sensor
720575940631146716,0.0003945609175701211,sensor
720575940610404581,2.5565781868302876e-06,motor
720575940618498278,1.4672535680939044e-06,sensor
720575940613255410,8.141495171089618e-06,sensor
720575940653330678,0.0003747895983790342,sensor
720575940628623612,8.300873259356651e-05,sensor
720575940627607812,5.3647120223750866e-05,inter
720575940625445130,0.00015323060441107666,sensor
720575940623839501,4.668534080298787e-06,sensor
720575940634947865,2.0008003201280514e-05,sensor
720575940624986407,0.0010919456406901385,motor
720575940629868843,0.0006785005007293928,sensor
720575940629541164,0.00035083007561999155,inter
720575940631343416,3.582067747734014e-05,sensor
720575940632490336,3.834867280245432e-05,sensor
720575940629148007,0.00021895980614468008,sensor
720575940614435178,0.00013390991317161787,inter
720575940616171882,2.3342670401493933e-05,sensor
720575940620136827,0.0,sensor
720575940621939071,0.0019363142082229722,motor
720575940660932993,0.00025447572006195455,sensor
720575940659229057,0.00010383547358337275,sensor
720575940624331144,0.0,sensor
720575940627739023,7.560325717588623e-05,motor
720575940634685852,0.0,sensor
720575940616925597,0.00032561278479645826,inter
720575940637864355,0.0,sensor
720575940622037414,0.00024781843954513024,sensor
720575940620431798,0.0004364706440536773,sensor
720575940625117623,7.490919072943187e-05,sensor
720575940618334649,0.0008806324116948368,sensor
720575940629574082,0.0012799482226753132,motor
720575940623512004,0.00017642877256722798,sensor
720575940611813842,0.00043980925703614784,motor
720575940611944914,2.567693744164333e-05,sensor
720575940616597977,0.00010086891899616989,inter
720575940605489632,0.0007033432420587283,sensor
720575940653625846,0.0003450785075935136,sensor
720575940631638521,0.0004054451559540553,inter
720575940619055617,0.0009153273365814568,sensor
720575940609487369,0.0,sensor
720575940625838606,0.0008966245709442985,sensor
720575940634423833,0.00017909941754479567,sensor
720575940627706398,0.0013305052179601996,sensor
720575940626887198,0.0016715622636741085,inter
720575940614926888,0.0,sensor
720575940633801261,9.416623792374094e-05,sensor
720575940633145903,1.3338668800853676e-06,inter
720575940625871408,0.00018328959231407165,motor
720575940618433073,0.0002798921155763893,sensor
720575940639961653,0.0006916877862256013,sensor
720575940616434242,0.0002502842887996949,sensor
720575940638421582,0.00012329376194922416,sensor
720575940615811670,0.00026894884938102225,sensor
720575940639994456,3.794423752406946e-05,motor
720575940637078106,6.538329617561312e-05,sensor
720575940621283931,0.00013179239949948237,sensor
720575940635374176,4.335067360277444e-06,sensor
720575940635406944,0.0,sensor
720575940631999080,0.00030547060093878833,motor
720575940627772009,2.6868154669275123e-05,sensor
720575940620038779,0.00035275538786943357,motor
720575940626592387,0.00032064016082623527,sensor
720575940627182217,7.950349451950088e-05,motor
720575940610962069,0.00010975501311635765,inter
720575940615484063,0.0005179087508019081,motor
720575940633572004,0.0020940482012910986,sensor
720575940613419695,0.000583743309733706,sensor
720575940619121344,5.2083263628751395e-06,sensor
720575940615713478,0.0005634816197541286,inter
720575940614566598,0.00017060893476677184,motor
720575940627149514,0.00026052907935661043,sensor
720575940611715813,0.0002642911662019304,motor
720575940637635305,0.0037664218044120004,motor
720575940619711216,0.0,sensor
720575940629476081,7.058378907118402e-06,sensor
720575940622791429,0.0016143852176735917,inter
720575940627444490,0.0,motor
720575940633277209,5.8791770676524584e-05,motor
720575940622070554,0.0002172591258725713,sensor
720575940623151905,8.147862319530986e-05,sensor
720575940623381286,0.0001902260904361745,motor
720575940624986919,0.0010816295493666444,motor
720575940629312300,0.001619525588012984,motor
720575940617024306,3.668133920234761e-06,sensor
720575940640322357,6.224712107065049e-06,sensor
720575940629214007,0.00026840476450320393,inter
720575940619219776,0.0010985998832137287,sensor
720575940608832324,0.0002831166858277703,sensor
720575940625380169,0.001059869603066933,sensor
720575940629115722,4.529774872912129e-05,sensor
720575940621218694,0.0010893925030329595,motor
720575940628132745,0.0001594415543995376,motor
720575940616565663,6.669334400426838e-07,sensor
720575940614435751,1.0004001600640257e-05,sensor
720575940614730663,8.725712507225113e-05,motor
720575940633670573,2.106398114801476e-05,sensor
720575940634751918,0.0006038037148481326,inter
720575940633146303,2.4454226134898405e-06,sensor
720575940606866377,0.0007195653119239948,sensor
720575940630131663,2.7366502156418124e-05,sensor
720575940608898005,1.0004001600640257e-06,sensor
720575940618859480,0.0006931081956592162,motor
720575940615189465,0.0005265383931350318,sensor
720575940611027930,0.000666113213332101,sensor
720575940640945115,0.0011589537209785307,inter
720575940613288933,1.220858713855913e-05,sensor
720575940623676394,0.00010708754401231394,motor
720575940629312497,4.8330443288426474e-05,sensor
720575940629771257,1.2921835400826998e-05,sensor
720575940622726143,3.920356021196358e-05,sensor
720575940629541891,0.0005420641801694223,sensor
720575940624987143,0.00048513800757173033,sensor
720575940609618953,0.00014507072670337978,sensor
720575940620661780,0.00018659315578083087,sensor
720575940620235796,0.000550704673403753,inter
720575940645336100,0.00035336657009738014,sensor
720575940622529574,0.0005668370522812298,inter
720575940628034603,0.00012202261857123806,sensor
720575940647859252,0.0001372956590043425,sensor
720575940640650301,0.00024448668356231377,sensor
720575940632327243,0.0004478076945063741,sensor
720575940619973712,5.514745580771993e-05,motor
720575940619088980,0.0002882481034741939,sensor
720575940635276384,0.0004573836754535121,sensor
720575940616172650,0.0003757402431872216,sensor
720575940614403178,0.00021219837141205685,motor
720575940622726271,2.2250353132706073e-05,sensor
720575940640978048,0.0011902819569386191,motor
720575940628329605,0.00026218552133918283,sensor
720575940631704716,8.041643600867293e-05,sensor
720575940641535117,9.817816015295009e-05,inter
720575940636685454,0.0005288681610210223,motor
720575940634260636,0.0009761947106885084,sensor
720575940614730914,0.002478128990327988,motor
720575940612863138,2.9818276516955995e-05,inter
720575940618499238,6.97205144201334e-06,sensor
720575940606112940,0.0,motor
720575940605883569,1.1111587492139713e-05,sensor
720575940625020087,0.00025823662798452713,sensor
720575940625773752,9.33095460406385e-05,motor
720575940616991931,2.634387088168601e-05,sensor
720575940640126141,0.00011092214663643237,sensor
720575940621677761,6.391445467075719e-06,sensor
720575940631999685,0.0005035077523072721,sensor
720575940632032460,0.0007548924331637419,motor
720575940612404430,0.00044539771545573875,sensor
720575940610995410,0.0015054302144138078,motor
720575940618990808,0.00026185924105091775,sensor
720575940637209822,0.00024996347745447387,motor
720575940616434911,0.0002634585580263852,sensor
720575940604933344,1.5490323113372334e-05,sensor
720575940614370531,0.0009795108519598313,sensor
720575940624594154,0.0011031853416633417,sensor
720575940612732146,0.0009219762941251535,sensor
720575940651758838,0.0007198417592943825,sensor
720575940627019004,0.0006765547488836807,sensor
720575940631147776,0.0006405231404731208,sensor
720575940621317381,0.0006890716604101959,inter
720575940615386380,0.00011498647077878771,sensor
720575940615419148,0.00010825308959562663,sensor
720575940630623503,0.00028189767970680335,inter
720575940628722965,5.6267317671879506e-05,sensor
720575940633376025,2.5982615268329553e-05,sensor
720575940618958109,0.0002957055838208299,inter
720575940632294687,0.00017895332736269116,sensor
720575940621776161,0.00023394514979972687,sensor
720575940625970471,0.0046582733215386266,sensor
720575940631049516,2.502195335850537e-05,sensor
720575940639339829,2.2206684871750898e-05,sensor
720575940631180599,0.004732897928476158,sensor
720575940626462014,0.0,motor
720575940626134354,0.0009806788035079347,motor
720575940640748888,0.00019585135641558209,sensor
720575940638848346,0.00014806187025074582,sensor
720575940608144732,0.0012915312589682334,motor
720575940609258850,0.0010744990692469682,inter
720575940628755815,0.0015935486027022644,motor
720575940635211115,0.0006450350462455305,inter
720575940621514093,0.0003935258893203119,sensor
720575940644386158,0.00021936764123638874,inter
720575940612732273,0.00044741547412615863,sensor
720575940630328698,0.0006382423728362106,inter
720575940630590846,0.0003186264153694603,sensor
720575940607915394,0.0003264805922368946,sensor
720575940615320971,8.215508425592457e-05,sensor
720575940615222678,2.2686852518785288e-05,sensor
720575940639831459,0.0008117887366586847,motor
720575940636489140,0.0034241685037503383,inter
720575940631770593,0.0005312506195359337,motor
720575940625741287,0.0005069472233337781,inter
720575940625479147,0.00014930654801603182,sensor
720575940640978421,0.00015875503640609684,motor
720575940625020413,2.0109174423073895e-05,sensor
720575940630164992,2.2336712462762883e-05,motor
720575940630951424,0.0,motor
720575940633212441,0.00025587512542294457,sensor
720575940625118757,5.11426792939398e-05,inter
720575940614501928,0.00010254657418522965,sensor
720575940631705130,0.001576490098855567,motor
720575940615255603,0.0005547827837243604,inter
720575940633310801,0.0021059428655467068,sensor
720575940632262227,7.324675902106874e-05,sensor
720575940610209378,0.00013010839256337456,sensor
720575940612699761,2.103756365461047e-05,sensor
720575940635735671,0.0006799238213804043,inter
720575940610766456,1.0693166155351028e-05,inter
720575940630820474,1.2805122048819529e-05,sensor
720575940630591102,0.00010314284443936308,sensor
720575940608145026,0.0002654440764467383,inter
720575940620170887,5.922527741255233e-05,sensor
720575940628133513,2.17197990307234e-05,sensor
720575940628264585,0.00018795851674002935,motor
720575940635014807,0.000836852249317235,sensor
720575940627871384,2.223111466808946e-06,sensor
720575940619744926,3.334667200213419e-07,sensor
720575940613944994,2.1675336801387223e-05,inter
720575940607915698,0.000994873346163862,sensor
720575940637308605,0.0005018457118297054,motor
720575940606539454,0.0006523847634291815,sensor
720575940634949311,1.193255079809702e-05,sensor
720575940629378754,0.0007425770693077616,motor
720575940633179852,0.00017131713331932554,sensor
720575940637210334,0.00032304588502067485,sensor
720575940613191391,0.002151710769992293,motor
720575940621711087,0.00034216702554037493,sensor
720575940620465904,4.833203122518851e-05,sensor
720575940621088500,0.00032898079866867393,inter
720575940653397750,0.00016041204841725048,sensor
720575940635047672,0.0005433112398398512,inter
720575940627019522,9.677521802371744e-05,sensor
720575940622137101,9.092525899248588e-05,sensor
720575940631967506,0.0002542921930677032,motor
720575940617287458,0.0003888264300429166,sensor
720575940615059240,0.00013309764280152435,inter
720575940629772074,0.00013227460296287826,sensor
720575940615092019,0.0010636061543424491,motor
720575940619548470,6.867191320972833e-05,sensor
720575940631082808,0.00014388105669618277,sensor
720575940631672632,1.2928187147875024e-05,sensor
720575940629378883,0.0004789992957259865,sensor
720575940622694217,0.0007405078433489798,sensor
720575940618467165,0.0005684181079839344,sensor
720575940633900896,0.0027182163290577254,inter
720575940637144944,0.00012372382815560085,motor
720575940612700017,0.0006690686042426743,sensor
720575940637734768,0.0,sensor
720575940648089476,6.669334400426838e-07,sensor
720575940626986885,6.269571320591728e-05,sensor
720575940615583647,3.979051938235611e-05,motor
720575940615583650,0.0004967775818208099,motor
720575940618270629,0.0001099900277571346,motor
720575940623579063,0.002053514703324627,motor
720575940624431036,0.0,sensor
720575940609423299,0.00038700400795238727,motor
720575940611913682,0.00012021475256769373,sensor
720575940637341668,0.0011787865532863525,motor
720575940639012836,0.00016830279490343515,sensor
720575940624955367,0.00035350515867722755,sensor
720575940630624247,1.4561380107598595e-05,sensor
720575940630657015,0.0006288203352529083,sensor
720575940635211768,0.0020108308114010396,inter
720575940631279609,7.932802750729921e-06,sensor
720575940626528252,0.00015126685594872867,motor
720575940618237953,0.00021862316355113475,sensor
720575940612667414,0.00014991975626229333,inter
720575940618631197,0.0,sensor
720575940605851680,3.93887713815685e-05,sensor
720575940626626597,7.829322205072505e-05,motor
720575940631083053,0.000550492419189898,sensor
720575940609488942,1.111555733404473e-07,motor
720575940615583794,0.00018359753713895362,sensor
720575940639242303,8.055761987334616e-05,inter
720575940618041408,1.1115557334044729e-05,sensor
720575940629117002,0.00011406732004971308,sensor
720575940632393803,0.00037740958576792916,sensor
720575940633770067,2.5232315148281534e-06,sensor
720575940622366814,0.0008353553542629175,sensor
720575940640716928,0.000750132576062948,sensor
720575940637603982,4.115005790676059e-05,sensor
720575940652611745,0.00014091059704305,sensor
720575940620335269,1.59794076360703e-05,motor
720575940604737708,0.0012823501602513211,sensor
720575940623546549,0.0017611377070160586,sensor
720575940625905848,0.0010011356635006095,motor
720575940615715003,1.067093504068294e-05,motor
720575940610439363,0.0001998556276767561,sensor
720575940623284420,9.832622507692535e-05,sensor
720575940631673029,1.4001632398991337e-05,sensor
720575940611913938,5.0571510655544266e-05,sensor
720575940610472146,0.00011944462729776854,motor
720575940612208858,0.0003007223469684769,motor
720575940628822248,3.3568983148815085e-06,sensor
720575940621711598,0.0,sensor
720575940651694326,8.241023682200154e-05,inter
720575940630657271,0.00044036314159363405,inter
720575940629870843,0.00015294530510616945,sensor
720575940627871996,3.0484415988617672e-05,inter
720575940626692355,2.403183495620471e-05,inter
720575940607064331,0.00041871837720177063,sensor
720575940628789525,0.0011672613804466544,inter
720575940627478812,0.0001052023577033581,inter
720575940624857381,0.00010012215564436454,sensor
720575940624070953,2.223111466808946e-06,sensor
720575940610505006,0.001199711919399795,motor
720575940640291125,2.9456226935218535e-05,sensor
720575940630427961,0.00020682532272168125,sensor
720575940619286848,0.0006830764051652407,sensor
720575940609063236,0.0002485843543766713,sensor
720575940628592968,0.00394813752821956,sensor
720575940623317321,0.0002999255257658618,sensor
720575940626626895,9.306315118640049e-05,sensor
720575940633901395,0.0003214275609233591,inter
720575940638128474,0.0008038987841408815,sensor
720575940635179359,0.0008693871728585615,motor
720575940606179686,0.00016425347014104258,motor
720575940628494695,2.9367302476546175e-05,inter
720575940610734449,0.0014751014310338032,sensor
720575940637243767,5.6793087605412545e-05,sensor
720575940650416505,0.000684849913991571,sensor
720575940607162754,7.554064785653074e-05,motor
720575940626725257,2.719976879640745e-05,sensor
720575940614207894,0.003139083558276235,inter
720575940626856344,0.00010228377065111758,motor
720575940634786202,0.00019939324936323735,sensor
720575940615584162,0.00040756620108360804,sensor
720575940612635050,0.001587528164408917,motor
720575940622268853,0.0001759952658312002,sensor
720575940625873336,0.0010064470232537459,sensor
720575940624890296,0.0001553103683725754,sensor
720575940617353659,3.8893335111822516e-05,sensor
720575940637899197,5.5022008803521415e-06,sensor
720575940606441918,1.9762643072836716e-05,sensor
720575940635933119,8.003201280512205e-06,sensor
720575940631640517,6.691639866649001e-07,sensor
720575940633573836,0.0012287351103312267,sensor
720575940611914194,0.00015321684229247258,sensor
720575940610505170,2.4272407375648674e-05,sensor
720575940639209956,0.0017477320413494884,sensor
720575940628888040,3.3997726074556815e-05,sensor
720575940621777390,0.0004525078549938496,motor
720575940612438514,0.00035448015184909944,motor
720575940630460919,0.003254195734237749,motor
720575940631706105,0.00017429008640493232,sensor
720575940631706107,0.0010747093076616985,motor
720575940622072325,0.00034533345102572796,sensor
720575940632164879,1.1560179627406517e-06,sensor
720575940621384212,0.0011764713822036744,motor
720575940623841816,0.002464751321283901,motor
720575940635146777,4.301720688275311e-06,sensor
720575940624038438,0.0018327105344855593,sensor
720575940627249707,3.551420568227291e-05,sensor
720575940615518770,0.0002676054548803648,sensor
720575940640062005,0.006671094371074371,sensor
720575940616501826,0.0009351237849637206,sensor
720575940621548108,0.0013162127525372823,inter
720575940627675737,0.00044117901978437497,sensor
720575940622105182,0.001302304519691474,sensor
720575940634458719,0.0004927643014877908,motor
720575940635146848,0.0003409516085527666,inter
720575940620139105,5.671157351829623e-05,sensor
720575940621875821,0.0022675229169919152,motor
720575940613094002,0.00010716985206781122,sensor
720575940620171892,0.0004145126304490052,sensor
720575940630493818,3.545574073785359e-05,sensor
720575940648188548,0.00040497045378998166,motor
720575940618500753,7.198434929527366e-05,sensor
720575940615092882,0.0010389698207325256,sensor
720575940613126835,5.490132560960892e-05,sensor
720575940627249850,0.002475167034290683,sensor
720575940617026260,0.0004131655788818654,sensor
720575940622236374,0.0016035620597445333,motor
720575940630919895,8.490697866448165e-05,sensor
720575940619582168,4.809860452117355e-05,motor
720575940638882532,0.0002563025528733551,sensor
720575940612537061,0.001973724675055207,motor
720575940637506281,0.0,sensor
720575940624366315,0.0027357379459720397,motor
720575940620237550,2.061935885465297e-05,sensor
720575940621646575,0.0005559779467342497,sensor
720575940623547133,0.000143386984423399,sensor
720575940607982345,8.48903053284806e-05,inter
720575940622859021,0.00015042683740162732,motor
720575940627708688,1.6298582925233584e-05,sensor
720575940632296210,3.747054377306478e-05,sensor
720575940632427282,3.078453603663688e-05,sensor
720575940626889491,0.00014487858635517704,motor
720575940626201372,0.000276140903691924,inter
720575940617616157,0.0,sensor
720575940631804703,0.0002723372417750168,inter
720575940646353699,0.00010534293082312288,inter
720575940632197930,0.0002795526098847426,sensor
720575940633115439,2.3342670401493934e-06,sensor
720575940613552947,0.00010495309234805032,inter
720575940616403771,0.0010759714419678406,sensor
720575940620565313,0.001174091962217739,sensor
720575940620598081,5.9855688307068855e-05,sensor
720575940626430797,0.0,sensor
720575940607982428,0.00035191536932233206,motor
720575940618468189,0.0002916738123820956,sensor
720575940635179871,2.186430127606598e-05,motor
720575940611160930,0.0009736045211735489,motor
720575940646484846,0.0004152661064425771,sensor
720575940636687215,0.00031309428533318084,sensor
720575940629805950,0.0,motor
720575940607884162,0.0001462341550376765,sensor
720575940628167557,1.6673336001067094e-06,sensor
720575940623383432,0.0004357060284431233,sensor
720575940624235400,0.0039027378147026,sensor
720575940634295191,6.636225918939004e-05,motor
720575940635114396,0.0004094247501478818,inter
720575940633803676,9.452669956871639e-05,motor
720575940619549598,0.0004078583814478172,motor
720575940608932803,0.0009078635912869605,inter
720575940643863496,7.02781112444978e-05,inter
720575940620827595,0.004345066620276701,sensor
720575940631542732,2.6075090013708943e-05,sensor
720575940610472914,0.0009172173179776223,inter
720575940617190361,0.0006795387707752655,motor
720575940631149532,0.007458823765196315,sensor
720575940630461404,6.0638011818484015e-05,motor
720575940615912415,0.0007335640605448529,inter
720575940614208483,0.00030289720505806937,sensor
720575940624333802,6.157542382032178e-05,motor
720575940613258221,0.0017496865342503597,sensor
720575940620860398,3.179049397536793e-05,motor
720575940621777903,0.00011166821225844842,sensor
720575940629609457,0.0013401278648877692,inter
720575940621319156,1.7379967860159938e-05,motor
720575940653399030,0.0007924701626682418,sensor
720575940631608313,0.007559799593237972,sensor
720575940623645693,1.7721374263991308e-05,sensor
720575940614175742,0.00043713142562682393,inter
720575940617124865,0.001510318822093532,inter
720575940624923655,0.001513279711559024,motor
720575940626693130,4.339672376887264e-05,motor
720575940623940622,0.00015499559612204675,sensor
720575940625906702,8.64028150942917e-05,sensor
720575940625972238,0.00010402917780868961,sensor
720575940619877396,0.00010322149003708585,motor
720575940622695448,0.00035925343222175,motor
720575940624596006,9.72199677768862e-05,sensor
720575940610669614,0.00014005681637734455,sensor
720575940624661552,0.0006170679190387076,sensor
720575940628200506,0.00017691104602457773,sensor
720575940627250238,0.001514005121047938,sensor
720575940639571014,1.8451825174514252e-05,sensor
720575940637736006,8.375890038555104e-05,inter
720575940625251401,0.00011284375370009626,sensor
720575940631673939,0.00036188596687796376,sensor
720575940632427603,0.0009305847880277649,sensor
720575940632722515,0.0008415313215233181,motor
720575940620991582,0.0001245569656434002,sensor
720575940621646945,0.0006440968402753117,sensor
720575940628200551,0.000884982299798226,inter
720575940630396022,0.0005069133066331951,inter
720575940628069501,0.001580118868134075,sensor
720575940630756478,1.3338668800853676e-06,sensor
720575940660051073,0.0009465183139152725,motor
720575940627545219,5.5773102891950435e-05,sensor
720575940627348617,0.00041461955152431365,sensor
720575940611685525,0.0002976820357772739,sensor
720575940634459290,0.0007643276887474572,motor
720575940615814303,1.5895246987683963e-05,sensor
720575940633705636,0.00026483979835320375,inter
720575940619549867,0.0,sensor
720575940614896815,6.039717474291304e-05,sensor
720575940622007472,0.0012844873399095087,inter
720575940625054906,9.013634313754361e-05,sensor
720575940625906876,0.00012309632847848134,sensor
720575940635540671,5.2360626790398704e-05,sensor
720575940627578055,0.00079062423179776,sensor
720575940625841351,0.001139199138048678,sensor
720575940620303563,1.7451425014450225e-05,sensor
720575940631772367,6.380914559185869e-05,sensor
720575940614765777,8.751357685931514e-05,sensor
720575940630461660,7.354370319556392e-05,motor
720575940627283176,0.00015043398311705643,inter
720575940625448171,0.000167995240424212,sensor
720575940619681006,0.00035595984425516235,motor
720575940620467438,0.0030705320885893107,sensor
720575940612963570,0.00035270827907882735,inter
720575940652580086,7.68413185379972e-05,motor
720575940623154429,0.00013662354582406815,sensor
720575940627086594,0.0003129677797044744,motor
720575940609162505,0.002040506414205895,sensor
720575940616633612,0.0014142138577412683,sensor
720575940622204186,0.0002309336432985893,motor
720575940627447068,1.3972255568894223e-05,sensor
720575940619058461,0.006691027504352834,sensor
720575940617518365,0.000494538026850952,inter
720575940646419747,0.0006193980237597688,inter
720575940627053861,0.005055911734583203,sensor
720575940623449382,3.3252189764794806e-05,motor
720575940623777065,1.112826082814078e-05,inter
720575940632198442,1.6584411542394736e-05,sensor
720575940627643691,5.3614832176256756e-05,sensor
720575940632853805,2.9166957788406368e-05,sensor
720575940626365744,0.00021449135209639406,sensor
720575940619517233,0.00043430734294036153,inter
720575940647664948,0.0,sensor
720575940640292149,2.2064381308078785e-05,sensor
720575940620008758,0.0031776832426092115,sensor
720575940630560056,0.0013836963773188262,sensor
720575940630232380,3.0380406130706265e-05,motor
720575940619615552,0.0012329184198932091,inter
720575940624694601,0.0020538574579941123,inter
720575940626201933,0.0027804929405069465,sensor
720575940626267469,0.00034500943234436616,sensor
720575940631870824,1.0004001600640257e-06,sensor
720575940626562409,0.0003818895523577395,inter
720575940640750976,4.9581737456887506e-05,sensor
720575940642422157,0.0,motor
720575940612668821,0.0,sensor
720575940612603289,0.0012197315434110147,motor
720575940653399457,0.0011955750554189931,inter
720575940639210915,0.0001146996797757102,sensor
720575940622106022,3.642568138366458e-05,sensor
720575940615617959,0.0007556729040822678,sensor
720575940628135336,7.558578987150415e-06,sensor
720575940621680041,0.000694340723302308,sensor
720575940615028143,0.0018936596906255368,sensor
720575940633804212,3.3207222282852534e-05,sensor
720575940624334276,0.0,sensor
720575940611292622,0.00045102961819648503,inter
720575940612046286,0.0004078221069017387,motor
720575940620729816,0.0005629802185424435,sensor
720575940603952608,0.0014073722081425159,inter
720575940634230241,0.00013025210084033613,sensor
720575940625448427,0.0012429257417252606,sensor
720575940620860912,3.102669639284286e-05,sensor
720575940628037105,0.0,sensor
720575940627906033,1.3338668800853676e-06,sensor
720575940634361336,0.0009599016484713905,sensor
720575940628102652,0.0009157069421175062,motor
720575940627283460,1.556178026766262e-06,sensor
720575940627611142,0.0001513081423045409,inter
720575940623875592,9.865057133964699e-05,sensor
720575940630658578,6.0109758188989886e-05,sensor
720575940623154712,0.0010897729462155232,sensor
720575940627480092,0.00020343613635930566,sensor
720575940621123113,8.892445867235783e-05,sensor
720575940633640493,0.00023934075794820092,motor
720575940610375214,0.0002296492671142532,inter
720575940619845169,0.00011240051576186031,sensor
720575940629118517,6.066315415054912e-05,sensor
720575940629970489,0.0002531507311919475,inter
720575940639112765,0.0006538724991606144,motor
720575940608343620,0.00031129832885535175,inter
720575940608409156,6.492967557393329e-05,sensor
720575940616633925,1.6673336001067096e-05,sensor
720575940632788551,0.0,sensor
720575940631903819,0.0037516681655086997,sensor
720575940634000979,0.001161858658807438,motor
720575940639047258,0.0006896101042259507,sensor
720575940632821352,0.0011893281121972594,sensor
720575940632526440,8.892445867235784e-07,sensor
720575940646518382,5.9401538393135036e-05,inter
720575940637081199,0.00016894800248141583,inter
720575940621516415,0.00010198155741373032,sensor
720575940622565000,0.0,sensor
720575940635967118,0.0010725992417168887,motor
720575940618469009,0.00010191854519585611,sensor
720575940643471008,0.00014388771381568501,inter
720575940633706148,4.456260393417866e-05,sensor
720575940621057702,0.0009689396922790278,inter
720575940614635175,0.00028749356885611385,motor
720575940636130990,0.0003485598199570745,sensor
720575940620664496,0.0004957406483516929,sensor
720575940629708482,6.623284234328652e-05,inter
720575940627676871,0.0003275142983526337,sensor
720575940626661066,1.3338668800853676e-06,sensor
720575940623122125,0.0002932350188752749,motor
720575940610899666,0.0029081687268461983,inter
720575940609097429,0.00020255562542477297,motor
720575940622368477,0.000923002005034818,sensor
720575940611981029,0.00047305350711713265,motor
720575940626956008,0.0002612844690175623,inter
720575940623875819,0.0014084927621842386,sensor
720575940613783277,0.0012936878455085735,sensor
720575940620304110,0.00022691669260296705,motor
720575940621319924,0.0005015392400346384,motor
720575940642389749,0.0,sensor
720575940629249783,0.0007701075139050328,inter
720575940630036218,0.00016957338490951942,sensor
720575940631019264,0.0003519712117651292,sensor
720575940626497286,0.00019707883153261306,sensor
720575940626562833,0.0009345224862431743,motor
720575940624006936,0.0004997718664185252,sensor
720575940647075619,0.00030957277090730466,motor
720575940640325429,0.0014099590894558873,motor
720575940628365114,1.6560551774637412e-05,sensor
720575940639866685,1.7980207956198354e-05,sensor
720575940638719807,0.00042634468981094583,motor
720575940630921027,0.0003996778846218622,inter
720575940638818118,0.0007259514917077942,motor
720575940628463468,0.0005184719390401663,sensor
720575940622696319,0.00014393773382368824,sensor
720575940622729087,0.0013012729493321726,sensor
720575940620795784,7.295219675171655e-05,sensor
720575940632952716,0.0,sensor
720575940619059102,4.2349768190104325e-05,sensor
720575940619714462,0.00045883062219596833,sensor
720575940655234977,1.9140989729225025e-05,sensor
720575940632723364,0.00044857575064657907,sensor
720575940605820844,0.0012338297752963621,sensor
720575940637671342,0.0,sensor
720575940604870577,7.988702727467799e-05,sensor
720575940625776568,0.00016749556965643404,sensor
720575940619812801,1.455026455026455e-05,inter
720575940610211779,0.0012265490852425625,sensor
720575940612440014,6.550847852368461e-05,sensor
720575940615487449,4.343739937977633e-05,inter
720575940612308963,9.237028144591172e-06,motor
720575940624236543,0.00012036481259170335,sensor
720575940629676035,0.0006001746241842283,sensor
720575940627480586,5.857581127689171e-05,sensor
720575940615651340,1.6673336001067094e-06,sensor
720575940625907726,0.00036425646774786423,inter
720575940631117842,0.00022449990097048923,inter
720575940628627477,0.00012041006878942054,sensor
720575940645404695,0.0003364520874024676,inter
720575940622368792,9.000981344918923e-05,sensor
720575940624007192,1.139344626739585e-05,sensor
720575940618993693,0.00011926146119823589,sensor
720575940603985952,0.000192904634381225,sensor
720575940624891941,0.0003614096432223684,sensor
720575940625874992,4.568202942552682e-05,sensor
720575940646682676,0.0012144998426481604,motor
720575940638785599,0.0005569322967282151,sensor
720575940621779009,5.302120848339336e-06,sensor
720575940638720070,0.0014174582531425264,inter
720575940621647948,1.0893246187363837e-05,sensor
720575940621713502,0.0008491579485977243,sensor
720575940635869285,7.447423413809969e-06,inter
720575940646420590,0.00022959739451336087,sensor
720575940613455986,0.0026256023814047015,sensor
720575940630691958,0.0009322681453533798,motor
720575940635082871,2.2386147441432712e-05,sensor
720575940647207044,0.00021714111329957674,inter
720575940617781383,1.0824700250470558e-05,sensor
720575940641276045,0.00017874292574172524,sensor
720575940626694288,4.293939798141479e-05,sensor
720575940615684242,0.0017684332992456233,inter
720575940615553170,0.0005374110442637854,sensor
720575940633575575,0.00017543657674710093,motor
720575940614963359,0.00034069103832008995,motor
720575940633182372,1.556178026766262e-06,sensor
720575940613980335,0.0005067474930920311,sensor
720575940619944112,0.0004587724089524811,sensor
720575940612374707,4.220021341870081e-05,sensor
720575940626006200,0.0013121034127936888,sensor
720575940618076345,4.8964030056467034e-05,sensor
720575940615127227,0.00023607935237587098,sensor
720575940610408643,5.557778667022365e-07,sensor
720575940624203972,0.0006694524370594803,sensor
720575940644651208,0.00018680805655595575,sensor
720575940623384781,0.0002492949560776692,sensor
720575940611719378,0.0007726257169534482,sensor
720575940622303446,0.00023631119114312393,motor
720575940620730584,0.00044570030994600836,sensor
720575940613619941,0.0001447494341652005,sensor
720575940638720233,0.013581487540070995,sensor
720575940614635757,7.836706111015836e-05,sensor
720575940624793863,0.0013973542278864397,sensor
720575940616470796,0.0001698989119457307,sensor
720575940626071822,0.0,sensor
720575940631838994,0.00019945359096019367,sensor
720575940616012061,0.00011756369214352408,sensor
720575940627087646,0.0002370990724332061,motor
720575940631511327,1.0059579387310481e-05,inter
720575940604281120,7.641339364028438e-05,sensor
720575940645568804,9.42181105246331e-05,sensor
720575940632330538,0.0010065645305741347,sensor
720575940630135084,0.0010152423236656932,motor
720575940611621166,0.0007378914528774471,inter
720575940630233404,7.485454499260023e-05,motor
720575940639080765,6.419234360410831e-05,sensor
720575940622500172,0.0009366196213935309,motor
720575940637966682,1.4450224534258149e-06,inter
720575940619944283,0.0018003885055705787,sensor
720575940621615451,3.1133617468151284e-05,sensor
720575940635509088,4.552545655943537e-05,sensor
720575940622893411,0.00016382452451880225,sensor
720575940627349860,0.0028370082162283254,sensor
720575940632199528,4.91307634164777e-06,sensor
720575940622106996,0.0003750589368836667,sensor
720575940628857206,7.992987959974754e-05,sensor
720575940628857210,0.002420063186104897,motor
720575940624269706,0.006465535790665842,motor
720575940635967886,0.0003373529305902254,inter
720575940615553426,0.00010116268729714107,sensor
720575940628627867,0.0004460792253409299,motor
720575940628136347,0.00024916553923156557,inter
720575940619846046,0.00027019696767595933,sensor
720575940619714974,0.0011406882858963688,sensor
720575940633706916,0.00023314749180095324,sensor
720575940633772452,9.809532278519875e-05,sensor
720575940614373799,0.00014836569548454308,inter
720575940620173737,0.0001884889357378353,inter
720575940614570415,0.0004600244859848705,motor
720575940635771316,0.00038049002669851014,motor
720575940620763584,0.0012080177410809657,motor
720575940618273241,0.008076797145024435,motor
720575940616864217,6.402931542987565e-05,motor
720575940623548893,0.0003355659724207143,sensor
720575940620468718,3.847173790150981e-05,motor
720575940622696944,0.0009909405801762743,sensor
720575940629840375,0.0,sensor
720575940628169219,0.00021470837012053492,inter
720575940628791812,0.005837770348824769,sensor
720575940616471052,0.0,motor
720575940626399763,0.0,sensor
720575940613620246,0.0004400204526254947,sensor
720575940623811096,0.00022786416153763094,sensor
720575940604609056,0.0017851892320179645,sensor
720575940621976097,0.0001602637126411854,inter
720575940610605614,0.0005564956696409278,motor
720575940625875504,9.763984959062996e-05,motor
720575940619878961,0.00014863167489217912,sensor
720575940616077874,0.00037093281275954356,inter
720575940615160386,0.0008639831982669119,sensor
720575940639638086,0.0011808754433804453,inter
720575940632134227,0.00033797884233058284,motor
720575940630037079,0.00029321763670503166,sensor
720575940622893662,5.966965910943501e-05,sensor
720575940627219044,5.7800898137032596e-05,sensor
720575940646814340,0.0015089203143424828,motor
720575940628136581,7.252901160464184e-05,sensor
720575940616733323,0.00027640606507153115,inter
720575940614374034,0.0013405984234815763,inter
720575940634034839,0.0002303959823467626,sensor
720575940634428058,0.00019082804327336922,motor
720575940617552541,0.0008644860541619247,sensor
720575940633772708,0.0007773540873780968,sensor
720575940632167085,0.00046294472574984815,sensor
720575940607689394,0.000947127528259981,inter
720575940611424947,0.00010570524506098734,sensor
720575940606149321,0.0020787949575648865,inter
720575940621779661,1.2449424214130097e-05,sensor
720575940632068815,0.00038619266593064824,sensor
720575940640096976,5.501248118294937e-05,motor
720575940618371796,0.0005282951805060649,sensor
720575940616766169,0.0004815211799005318,inter
720575940638753508,0.0006355169051747687,sensor
720575940625056509,0.0006184823450229613,sensor
720575940613423870,0.0006455619525347418,motor
720575940626203394,0.00046130151955090654,sensor
720575940627841795,0.00048011164542777185,sensor
720575940627907358,0.00011434732623208015,sensor
720575940644651812,6.669334400426838e-07,sensor
720575940625253193,0.0003919454024996241,inter
720575940633314129,0.0,sensor
720575940618830676,0.0012761978528785254,sensor
720575940621550427,2.8439469433258253e-06,sensor
720575940636361573,0.0003145427483162576,motor
720575940606608230,0.0014141627550491099,sensor
720575940612637554,0.002915463152727175,sensor
720575940631544694,0.0031035128337049103,sensor
720575940609819512,0.0009536788260277651,motor
720575940649829241,0.00038452404771432383,motor
720575940608181122,0.0010583360328258286,sensor
720575940635968398,0.00037464006766727855,inter
720575940625318804,0.00016675585578146605,sensor
720575940638065571,0.000387727537087281,sensor
720575940613096362,0.0,sensor
720575940615062447,0.0005287886827502677,sensor
720575940606739390,0.003636951962307104,sensor
720575940610442179,0.00043625179749629537,sensor
720575940624139204,3.0567782668623005e-06,sensor
720575940613489617,0.0005391661955787606,sensor
720575940618011604,0.0006334798469652413,inter
720575940610048981,3.0567782668623005e-06,sensor
720575940612572131,5.0733785577723156e-05,inter
720575940620534768,0.0,motor
720575940636656632,0.00032451855200954825,motor
720575940612146174,0.00022143354696375897,sensor
720575940617257985,0.002246155574561939,inter
720575940629644291,0.0004253495048813177,sensor
720575940628694019,0.001426538852859381,sensor
720575940629382150,0.0015280876901024962,sensor
720575940629513222,0.005828481087184569,sensor
720575940631381007,0.00034366392059469294,motor
720575940630758418,0.0003025900836525086,motor
720575940631774226,0.0008436938267370436,sensor
720575940622697496,0.00029092033638852366,motor
720575940635116569,0.0001460414853772197,inter
720575940627481630,3.334667200213419e-07,sensor
720575940632495135,0.00034175926262760995,motor
720575940614964264,0.00018242296918767506,sensor
720575940631282732,0.00045846275017943715,motor
720575940626826288,0.0008758292999739582,motor
720575940619355200,0.0,sensor
720575940622140481,0.002482028362830687,sensor
720575940626859080,0.002394147870788526,inter
720575940627645514,0.0002516194549007674,motor
720575940609393756,0.0001753479169445556,sensor
720575940630266983,0.00014590280556667118,sensor
720575940634756203,0.001080237915271929,motor
720575940634592363,0.00039014020711699795,sensor
720575940621714541,0.0001045203795804036,sensor
720575940639769715,0.00017910312273057376,motor
720575940630758522,3.0052761845478934e-05,sensor
720575940617684107,0.0018607179357479475,inter
720575940637574286,0.00010381485446511454,sensor
720575940624434323,0.0010728067080608091,motor
720575940612932757,0.0002600171936906631,sensor
720575940617716893,0.0005189184139264173,inter
720575940654777505,0.00198452189668382,inter
720575940628858024,0.0,sensor
720575940613915823,0.0007108924198602176,motor
720575940626039996,0.012313912639092706,sensor
720575940630725826,1.777377617713752e-05,sensor
720575940627514567,0.00015873015873015876,inter
720575940638360798,0.0006381623911635917,inter
720575940628595944,0.0014277787834710608,inter
720575940629546225,1.539504690765195e-05,sensor
720575940653139190,0.00015247209995109155,sensor
720575940629153020,0.00024709358181877625,sensor
720575940623025413,0.0071804136299332385,sensor
720575940629513478,0.007397932882776823,inter
720575940623910157,6.303632564136766e-05,sensor
720575940621354260,9.967320261437907e-05,sensor
720575940613752086,0.00010756154313577284,sensor
720575940613588246,0.001483987245691928,sensor
720575940605494560,0.0004166643088211716,inter
720575940623385894,0.00024065552146784638,motor
720575940614604083,3.334667200213419e-07,sensor
720575940632888633,0.000509962715244828,sensor
720575940619060549,0.00012188579135357844,inter
720575940639147334,0.0,sensor
720575940631446855,0.00042726508592855135,motor
720575940640425294,3.419145435952159e-05,sensor
720575940638197070,0.0011579508186150844,sensor
720575940623877475,0.00038249506151667034,sensor
720575940636886383,1.7840469521141793e-05,sensor
720575940640589171,0.0008203698145925037,motor
720575940617225589,0.0016829779771456443,sensor
720575940615488885,0.00011213584297817992,inter
720575940641015168,3.6459028055666715e-05,sensor
720575940648650116,0.00022794858684214428,sensor
720575940627383685,0.00042643803553167305,motor
720575940643112333,0.0004345113706858404,motor
720575940625679764,0.00023506653743748568,sensor
720575940630005147,0.00011069427771108444,inter
720575940640851363,0.005224368463113961,sensor
720575940619453861,0.00026271460965338517,sensor
720575940613686698,0.003812827478643805,sensor
720575940614800815,0.001114209440389912,sensor
720575940635936180,9.837268240629586e-05,sensor
720575940624762300,0.00045372725809900697,inter
720575940635837887,0.0002583678974235197,inter
720575940620043723,0.0006364537878643521,inter
720575940632659404,0.001229396255856839,motor
720575940632069583,0.0002558674263356136,sensor
720575940623386077,0.0006544466826579672,sensor
720575940611720690,0.0003997331736927575,motor
720575940636165624,1.7673736161131117e-05,motor
720575940623779327,0.0003388929645932448,inter
720575940628465156,0.0005117266723909384,sensor
720575940622435845,0.0,sensor
720575940624401927,0.00010308938390170886,sensor
720575940616996364,0.0009018311268711428,sensor
720575940628432400,0.0,sensor
720575940621256212,0.00016893669444689854,sensor
720575940646094359,0.00010630151531512076,inter
720575940633478687,6.377154036217662e-05,sensor
720575940644390436,0.0005761733264734468,sensor
720575940614768168,3.2686090309139526e-05,motor
720575940633806381,3.424247545809214e-05,sensor
720575940611524142,3.134587168200614e-06,sensor
720575940627252798,0.0012749158104800357,sensor
720575940639114815,0.0005493139776353061,sensor
720575940628432456,0.00022888549359137596,sensor
720575940626138701,0.000350646607849489,motor
720575940631938647,8.030143274240912e-05,sensor
720575940621780577,0.00011374181707314965,sensor
720575940610704994,0.0,sensor
720575940621387363,0.003246349333384145,sensor
720575940636034661,0.0005558580575087176,motor
720575940631119468,0.0009485868014279375,motor
720575940646061678,0.00020970182944972864,sensor
720575940636526191,0.0002788996551001354,sensor
720575940636886639,0.00012798717370546105,sensor
720575940660217473,0.0003987322923397353,sensor
720575940623976072,0.0,sensor
720575940616504977,0.000414714033761653,motor
720575940635248279,2.5317534421175877e-05,sensor
720575940634199703,6.5581788270863894e-06,sensor
720575940629808795,0.00047676927914022763,sensor
720575940619191966,0.0014149792192009083,motor
720575940613260959,5.408618473844565e-05,sensor
720575940608345778,0.00020293543102666752,sensor
720575940625450680,0.00020319238806633762,sensor
720575940616079035,0.00014348278994137341,sensor
720575940637542077,0.0001441008822961605,sensor
720575940621256384,2.4231914988217513e-05,sensor
720575940613981905,5.0328067735030526e-05,sensor
720575940618340057,0.002379297654607779,inter
720575940637607646,0.0001800902900842877,sensor
720575940638656228,6.246943221733137e-06,sensor
720575940628563688,0.00033857855311436743,sensor
720575940625549036,0.0,sensor
720575940621715182,8.735981164952754e-05,sensor
720575940628137713,0.00046230158730158766,sensor
720575940629087996,8.73015873015873e-05,sensor
720575940624402173,0.0016011093183712231,inter
720575940628891396,0.00023771492724073762,motor
720575940624336647,0.0010569307328511012,inter
720575940609722121,0.0016959662652939961,sensor
720575940631283471,4.417772399965277e-05,inter
720575940628858640,0.0002088557645280335,motor
720575940645308196,0.0005594565868675514,sensor
720575940633806637,0.0008648054459879192,sensor
720575940633839405,0.0,sensor
720575940631283512,0.0013975219958113115,motor
720575940627285822,0.0010499124354666567,sensor
720575940619683648,5.553332444088748e-05,sensor
720575940629317450,5.363891588381386e-05,sensor
720575940631906123,0.001121235531249536,sensor
720575940621780812,0.0,sensor
720575940633675603,0.0008761623697097886,sensor
720575940617389908,0.00017282733199099745,inter
720575940631807827,0.0002561302298697256,sensor
720575940626433881,0.0006199896023825595,motor
720575940620437339,1.4772575696945448e-05,sensor
720575940610803554,0.0020686412130989968,motor
720575940627285860,0.0005865182051656645,sensor
720575940606674790,4.619943215381391e-05,sensor
720575940616734581,4.652654712678723e-06,sensor
720575940623452028,3.946102250423979e-05,sensor
720575940622632831,0.00020513575800690638,sensor
720575940660217729,3.7453267658393186e-05,sensor
720575940628236169,0.0008500821712856528,inter
720575940617422731,0.0012020874487361083,sensor
720575940642916237,0.0002779412630853207,sensor
720575940628006808,0.0038215983899757408,sensor
720575940617226141,0.00022229213955904639,sensor
720575940620634021,0.0013781266548873589,sensor
720575940604938156,0.00022223150924631515,inter
720575940633741229,1.9465706140376008e-05,sensor
720575940624435128,0.0009433671570526311,sensor
720575940640163773,0.0004115995817024055,sensor
720575940622895044,0.0029193359883635996,sensor
720575940630431685,0.0008245615706600096,motor
720575940607461321,2.7699968876439466e-05,sensor
720575940617914329,8.365886036954464e-05,sensor
720575940642523099,0.00036080175215829464,sensor
720575940615292895,0.0019181090425588224,motor
720575940633151457,6.273810686880263e-05,sensor
720575940612638693,0.00048307758098196,sensor
720575940626434033,0.0004457841337593239,inter
720575940623124467,0.0006856993953832689,sensor
720575940653172726,0.0012530403040489427,sensor
720575940628039676,0.0008504793451772245,sensor
720575940629415936,0.0001758115944790615,motor
720575940628695043,0.0008352605592501552,inter
720575940622010373,0.00015898369929982577,motor
720575940624959496,0.0006184119390902105,sensor
720575940628826128,1.619536703570317e-05,motor
720575940626630693,0.001043486442195926,sensor
720575940615063592,2.0536786143028643e-05,motor
720575940633806893,0.003362422746876529,sensor
720575940624238640,0.00027680754841619186,sensor
720575940617586757,0.0003525074050784335,sensor
720575940627286088,0.0009404961720137786,motor
720575940623747145,3.1345871682006136e-05,sensor
720575940627843146,2.3342670401493934e-06,sensor
720575940616570966,0.0,motor
720575940631349335,0.0006177526566182028,motor
720575940637902938,0.00012495897830031485,inter
720575940639017050,0.00017965837128502195,sensor
720575940617488477,0.0008468993417472809,motor
720575940619880571,0.0018634099938121555,sensor
720575940627581053,0.00013888041989282483,sensor
720575940660217985,0.0001306339996315987,sensor
720575940648650884,0.0,sensor
720575940624140424,0.001101777202167358,sensor
720575940612606105,0.00023930471659563285,sensor
720575940614736034,0.0005512713021716624,motor
720575940640884899,9.016798841424346e-05,sensor
720575940622928041,4.8843346862554555e-05,sensor
720575940636592302,0.0001037526121559735,motor
720575940620470448,0.00018922807218125349,sensor
720575940618209465,0.0,sensor
720575940626335943,3.334667200213419e-07,sensor
720575940628891863,0.0014301442799341958,sensor
720575940627417320,0.00027071198849910335,motor
720575940637903081,7.892045707171758e-06,sensor
720575940621551854,0.0002075279440225418,sensor
720575940653566198,2.1564181228046776e-05,sensor
720575940624566535,7.886487928504736e-05,sensor
720575940609460491,1.2861493803870755e-05,sensor
720575940616014092,0.0001802882528672845,motor
720575940628793621,0.0013123293958127882,inter
720575940621519130,0.00012864669677394765,motor
720575940644653348,0.00026517042603477176,motor
720575940631054634,0.0002749861849501705,sensor
720575940632496441,0.0006132132987875287,sensor
720575940638001498,0.0007799011138847076,motor
720575940627253604,0.005262461052427039,inter
720575940631939432,0.00021721704554837805,motor
720575940646521198,0.0003239256019868264,motor
720575940645538158,0.0007253840689715037,motor
720575940620011899,5.303708785101342e-06,sensor
720575940607887746,0.00027259342890595384,sensor
720575940626434435,7.669734560490863e-06,sensor
720575940648552836,0.0007102904653925064,sensor
720575940635183502,7.007239200116352e-05,sensor
720575940615522706,2.821869488536156e-05,sensor
720575940615391638,0.000989308686437538,sensor
720575940634560922,0.0005074410716667621,motor
720575940619061662,1.85629807478547e-06,sensor
720575940654057889,1.6673336001067094e-06,sensor
720575940614736290,0.0007098948044826397,sensor
720575940620274085,2.1944756738674306e-05,motor
720575940633938349,2.397231138727737e-05,sensor
720575940623190453,0.0,sensor
720575940638624189,1.919815545265725e-06,sensor
720575940623747533,4.557378506958339e-06,sensor
720575940618865112,8.936378784317958e-05,sensor
720575940613458403,0.000676669609642799,inter
720575940613687789,0.0005792174012462129,motor
720575940611951090,6.034636076652885e-05,sensor
720575940630071803,0.0004884725174341021,inter
720575940614572542,1.0004001600640257e-06,inter
720575940618603009,0.0008449109802651222,inter
720575940627286530,0.00050195900871171,sensor
720575940616702465,0.00011055348065151988,sensor
720575940621978117,0.000246523212459587,motor
720575940626663953,7.516419266119147e-05,inter
720575940632463890,0.00043770921066839434,inter
720575940613818902,0.00040022016502608737,sensor
720575940619061787,0.0,sensor
720575940618668578,1.1282290694055398e-05,sensor
720575940647275043,0.00017092101390820885,sensor
720575940631153194,0.00011864243051718041,inter
720575940610640482,0.00068132546428865,motor
720575940611164770,0.0007184631789223631,inter
720575940615522922,0.000776317140612859,sensor
720575940644981358,4.7796896536392335e-06,sensor
720575940637051503,5.332397509268258e-05,sensor
720575940646259310,7.610822106620427e-05,sensor
720575940629777018,0.001157754660305681,sensor
720575940623256188,0.003492319149882175,sensor
720575940628073085,0.000474110279032248,sensor
720575940660742785,0.00013854430661153352,motor
720575940627352195,1.9359595690127903e-05,sensor
720575940617456267,3.951580632252902e-05,sensor
720575940635970190,0.00022338675730032272,sensor
720575940615621266,1.5672935841003068e-05,sensor
720575940623682195,0.001430099632630645,motor
720575940615850646,0.0,sensor
720575940643867296,0.00018833565172100594,motor
720575940623125161,0.0005099735902056832,sensor
720575940613917359,0.0,motor
720575940635249332,3.723288257101784e-05,sensor
720575940622338742,0.000410429151271541,sensor
720575940605758142,2.5964883307820483e-05,sensor
720575940621716161,1.024854386198924e-05,sensor
720575940614572742,0.00016161120532869234,sensor
720575940632726220,0.00042445708442107017,motor
720575940612475598,4.7316834381660314e-05,sensor
720575940610738898,0.0010883579427997195,motor
720575940609133269,0.0010549627498907211,motor
720575940629482225,0.0007728331867017446,sensor
720575940622633716,0.0026622887250138147,motor
720575940634790648,0.002497771090158046,motor
720575940630006521,0.004635102573978127,sensor
720575940630104827,0.00043921572958187616,motor
720575940631022336,0.00031992241340980833,motor
720575940616702732,0.0,sensor
720575940632464146,0.00027322039927081944,inter
720575940621290260,0.0001664704741587669,sensor
720575940621650712,0.00017904966219291948,inter
720575940634823449,0.0005195975289512704,inter
720575940618210075,7.28624783246632e-05,sensor
720575940618570525,7.390363552828538e-05,sensor
720575940624861989,6.239321125275507e-05,sensor
720575940629875499,0.00044188389641570925,sensor
720575940618472261,3.001200480192077e-06,motor
720575940638526278,6.453930778660671e-05,inter
720575940631907159,0.0005699350976172238,sensor
720575940635872101,0.000626949986343744,motor
720575940630006636,0.0008212451240162324,motor
720575940636396400,0.001295751617330249,inter
720575940613131122,0.0012456472006792127,sensor
720575940627942269,0.0004991306046228017,sensor
720575940621585279,0.00012662659136248572,sensor
720575940628138889,7.225112267129074e-06,sensor
720575940632923020,0.003797744831458319,sensor
720575940641606541,6.870225057499968e-05,sensor
720575940628663183,0.0001390389489128985,sensor
720575940656090017,2.7086231317923998e-05,sensor
720575940625779642,0.0006148623470552245,inter
720575940620045259,0.000505981757782478,inter
720575940631055311,0.0004320773282858118,sensor
720575940633316307,0.00014620292561469034,motor
720575940629547991,3.2224000711395666e-05,sensor
720575940603464672,1.0454975641050071e-05,sensor
720575940610116581,1.876941252691553e-05,motor
720575940639149033,0.0003667403062160963,sensor
720575940641278965,0.0012928894020330594,motor
720575940626140164,0.00018986143221790656,inter
720575940609854475,0.00010783757947623496,sensor
720575940626861073,1.6562180427726648e-05,inter
720575940620405780,0.0,sensor
720575940613753878,1.0004001600640257e-06,sensor
720575940622339113,0.001089686139005867,inter
720575940626861104,0.0016953242650521558,inter
720575940615359538,4.557378506958339e-06,inter
720575940614671411,0.0003427299491225061,sensor
720575940632890425,0.0014872179418998143,inter
720575940627352638,1.3338668800853676e-06,sensor
720575940637936710,0.0002935991857060285,sensor
720575940623289420,0.0004657045357825671,sensor
720575940624665677,0.0002921843340510808,inter
720575940634528864,0.0001893372789231133,motor
720575940632759400,0.0001335846507915336,sensor
720575940628368489,9.250446210230124e-05,sensor
720575940636167280,0.0011993471631076673,sensor
720575940635774071,0.002880881717766471,motor
720575940650945657,0.0006652013378704055,sensor
720575940621814911,0.0010023657204029353,inter
720575940640787584,0.0002942176870748301,sensor
720575940621126791,2.491520577015645e-05,sensor
720575940624338056,0.0007707384541118038,sensor
720575940623387786,0.00010557556355875681,inter
720575940625878160,0.0007408846036575311,motor
720575940616604817,0.002010192027749051,sensor
720575940617784465,0.0002775729339354789,sensor
720575940617194653,7.299480638816375e-05,sensor
720575940620045470,0.00015148599122188564,sensor
720575940621061285,0.00025637291953818555,sensor
720575940621782182,0.00019069294384420433,sensor
720575940623289532,0.0006251902396360179,sensor
720575940630334658,0.0,motor
720575940633316563,0.001196132685878584,inter
720575940609133781,0.00011379631217566389,sensor
720575940618308825,8.466510702405061e-05,sensor
720575940625419495,0.00014072493429236128,inter
720575940623355114,0.0011657287253525749,motor
720575940618734831,7.259784625731003e-05,sensor
720575940641148149,0.0019392578459955412,motor
720575940636167416,0.00011144881232916445,inter
720575940626533634,8.454492908274423e-05,inter
720575940627713284,0.001891794023440799,inter
720575940622667013,0.0003815023363842891,sensor
720575940629318918,1.8140589569161e-05,sensor
720575940623781127,0.0006382934366627847,motor
720575940623650055,3.275754746342981e-05,sensor
720575940627418387,9.565858514133476e-06,motor
720575940618898715,6.0020833730317516e-05,sensor
720575940633185567,0.0,motor
720575940620438833,0.0006842348050331248,sensor
720575940618112310,0.0004388308844091158,sensor
720575940618440000,0.0,motor
720575940620537153,3.763330729117044e-05,motor
720575940617260374,0.0006710043805882143,sensor
720575940621225313,0.0007256310412572917,inter
720575940610313570,0.00019149061741098556,inter
720575940631383400,0.0007741813897276082,motor
720575940616113514,0.002193688086845351,sensor
720575940643671406,0.0002718166631732057,motor
720575940649045369,0.00023400860140556027,sensor
720575940620012923,0.0002197569503992073,sensor
720575940617883003,9.457195576643358e-05,sensor
720575940628532623,0.0011387501831679496,sensor
720575940612967829,3.805490450148314e-05,sensor
720575940629155227,3.2090614023387134e-05,motor
720575940615622050,0.00024293209347230955,sensor
720575940639542691,0.0012167030833497416,sensor
720575940613524903,0.00013889524063593695,sensor
720575940621061545,0.0008422293400284597,sensor
720575940636036532,0.0002720593528416657,sensor
720575940624534972,0.0038371647841435744,inter
720575940624469444,6.979458450046686e-05,sensor
720575940616736198,0.0003756251177719765,inter
720575940619980235,0.004993744587782204,sensor
720575940632530387,0.00010201095830347532,inter
720575940608970197,0.0002712420947214865,sensor
720575940611886554,0.00010572800548790949,sensor
720575940613590501,0.0001349706549286382,sensor
720575940625550823,0.0006330323134544822,sensor
720575940623945194,0.00016783331899378326,sensor
720575940623486443,1.0915477302031925e-05,sensor
720575940631416313,8.673249519588055e-05,sensor
720575940630597114,0.00017535506265998465,sensor
720575940613033470,5.415129014568791e-05,sensor
720575940645047831,0.00011160575341247611,motor
720575940624928284,8.892445867235784e-07,sensor
720575940633316895,0.0006793283450946521,sensor
720575940645703204,0.0,sensor
720575940622667303,0.0,sensor
720575940614278696,0.00010862572542244413,sensor
720575940631023159,0.0026451304968481064,sensor
720575940631842360,0.0021975211200401263,inter
720575940627549754,0.00029486506002112224,sensor
720575940639182424,4.730781201369437e-05,sensor
720575940606283366,4.122760215197191e-05,sensor
720575940629352041,0.00018774096940363453,sensor
720575940646227566,0.0005650241578112733,sensor
720575940640657011,5.8023209283713494e-06,sensor
720575940611755640,0.00012844105896326786,sensor
720575940639444601,5.751903936177648e-05,sensor
720575940639608441,7.927139109612098e-05,sensor
720575940627844734,2.917833800186742e-05,sensor
720575940606185090,2.642167978302432e-05,motor
720575940625813140,0.0,sensor
720575940610838169,5.5222088835534206e-05,sensor
720575940613394073,5.903869484301657e-05,sensor
720575940644654752,0.00017436499149184223,sensor
720575940614344354,0.000278804001343017,sensor
720575940613787303,1.6463728348482246e-05,sensor
720575940628762280,0.00045934113461124255,sensor
720575940622700201,4.525143390689611e-05,sensor
720575940623945404,3.4714333433821244e-05,sensor
720575940624469700,0.0009425368030810204,sensor
720575940621553348,0.0005393096391995953,motor
720575940616867526,0.000238583528649555,sensor
720575940628238023,4.812004166746064e-05,sensor
720575940610739918,0.0005653806088980159,sensor
720575940609822418,3.846577650012068e-05,inter
720575940618833624,0.002182351351018818,inter
720575940633251554,6.655995731625983e-05,inter
720575940622864107,0.00018437586674881594,sensor
720575940614606573,5.933970976509732e-05,sensor
720575940612443890,0.0004710778491290698,motor
720575940630204155,0.0020964833263752824,sensor
720575940626009852,0.0005374149900460425,motor
720575940623322877,3.882664176781825e-05,motor
720575940624731901,0.0011901821575190914,sensor
720575940629548800,5.110245156263564e-06,sensor
720575940619718405,0.0,sensor
720575940623453959,0.0003387558727194582,motor
720575940624600840,0.0002838079676314971,motor
720575940607725321,0.001433412518446533,sensor
720575940626435850,0.0007591632372044535,sensor
720575940622143245,0.0007098625645544414,sensor
720575940623847181,0.0010672202743531277,sensor
720575940629876496,0.0004091840439879655,sensor
720575940627189534,6.662823859702613e-05,sensor
720575940618637090,3.668133920234761e-06,sensor
720575940614737704,6.032412965186077e-05,sensor
720575940624043817,5.33546752034147e-06,sensor
720575940623322921,0.0006243862624414844,motor
720575940633808685,0.00011030602717277388,sensor
720575940611297070,7.797087088803775e-05,sensor
720575940640263989,0.0018563539172282676,sensor
720575940619423552,0.0,sensor
720575940614311746,0.0011560518627845553,sensor
720575940632203075,0.0004031615532215774,inter
720575940611067716,0.00011054421768707483,sensor
720575940627812168,0.0002844657704351582,motor
720575940629024591,9.524524095352426e-05,motor
720575940631547729,0.0009404741354992045,inter
720575940632760147,0.00035647354179767134,inter
720575940608610140,0.0001997931040548088,sensor
720575940622372702,6.527055266551065e-05,sensor
720575940637511525,0.001246427614224733,sensor
720575940615819114,4.6740918589658084e-05,sensor
720575940637216624,0.0001451863814308792,sensor
720575940630040438,0.0001981438077876653,sensor
720575940621782911,0.00011240999027417942,sensor
720575940626730883,0.0006811669112089285,motor
720575940648128388,2.4365301676226048e-05,sensor
720575940623126419,7.678076040420978e-05,sensor
720575940627976088,0.0005183997472217108,sensor
720575940628467611,0.0005100018843516242,sensor
720575940640722851,1.0782090614023386e-05,sensor
720575940619194277,0.0004767196662954967,sensor
720575940626796456,6.845706908340657e-05,sensor
720575940623585208,0.0004505933427502055,sensor
720575940627255226,0.0007076111108223956,sensor
720575940613558225,0.0010173622840189468,inter
720575940613099482,4.148816717322381e-06,sensor
720575940623257565,8.306714945892353e-05,sensor
720575940638167006,0.00020497246517654682,sensor
720575940621717469,0.0007243547065475839,sensor
720575940604088288,0.006714846070888494,inter
720575940616376287,2.1419678982704194e-05,motor
720575940613099493,0.0007034185829954139,inter
720575940629352433,5.0097816904539604e-05,sensor
720575940621422597,0.0013990141751746396,sensor
720575940623650823,2.2865230748384012e-05,sensor
720575940632629273,0.00019261037748432701,sensor
720575940634890265,0.0009174913351584022,sensor
720575940619161629,0.00016081432573029214,sensor
720575940633448479,0.0002058601218265084,sensor
720575940629844011,2.7881832777704168e-06,sensor
720575940630892588,3.470276999688765e-05,sensor
720575940621946945,0.0005684671656060214,sensor
720575940616015956,5.152645473773926e-05,inter
720575940640100440,5.7800898137032576e-05,inter
720575940620537947,0.00025729844607395624,inter
720575940612116578,3.348164662690473e-05,sensor
720575940632203368,0.0,sensor
720575940629614697,0.0019300562456824961,sensor
720575940635119723,0.016803663912007254,inter
720575940634857583,0.00010335827452674191,sensor
720575940635283575,0.00035046399512185826,sensor
720575940650717305,0.000753825339659674,sensor
720575940629778554,0.00011314535609516764,motor
720575940622831740,6.669334400426838e-07,sensor
720575940648325252,0.0,sensor
720575940628566159,0.00015034214744098697,sensor
720575940625518736,0.0006486906524921733,motor
720575940625617044,0.0,sensor
720575940626960536,0.0012141909673922477,motor
720575940615295143,0.0005251613873062454,sensor
720575940623126697,0.007505077651736313,sensor
720575940608086194,0.0003441398204303366,sensor
720575940622209206,3.334667200213419e-06,sensor
720575940615655611,0.00035200799896678244,motor
720575940606775486,9.853941576630654e-05,sensor
720575940641706184,0.00020528782729315115,inter
720575940626665674,1.3516517718198392e-05,sensor
720575940633350348,1.9063180827886712e-05,sensor
720575940615688404,0.00040464572072215126,inter
720575940629418199,0.00037662177202993526,motor
720575940619456728,0.0006240888130143834,sensor
720575940605890784,0.0005141732774338448,motor
720575940640788725,0.0006407422757462775,motor
720575940625223944,0.00015634745961876816,motor
720575940631122191,0.0013454378698976538,motor
720575940628730129,0.0012379925515179613,sensor
720575940606218528,0.0009322681694130275,inter
720575940639314229,0.0020018883214661526,motor
720575940618277184,4.685286813137954e-05,sensor
720575940613984578,0.0005666086540436282,sensor
720575940629320010,0.0006995648427721259,sensor
720575940617195862,0.005811755389986689,sensor
720575940609298780,0.0,sensor
720575940625584484,0.0003040626303431426,sensor
720575940629614953,0.003054719290313528,sensor
720575940640723315,2.46765372815793e-06,motor
720575940611854712,0.0003834565572260651,sensor
720575940660220289,0.0012424398330760874,motor
720575940627779983,0.00044462335198629737,motor
720575940623913364,0.0011795624417673233,sensor
720575940621947302,0.0007374467898677587,inter
720575940621619627,0.0030755307895163836,inter
720575940604285356,6.151905206527057e-05,inter
720575940639281597,1.3179875124653035e-06,sensor
720575940634431935,0.00033080157544943466,inter
720575940621554112,0.0008869697858793495,motor
720575940608545219,0.0047072375292663395,inter
720575940609659331,1.5339469120981726e-05,sensor
720575940625977802,9.552312988687536e-05,sensor
720575940630991311,0.0005001183012887696,motor
720575940641018320,2.4365301676226048e-05,sensor
720575940617097684,0.0006746603643862547,motor
720575940613296613,0.0002957929684620361,inter
720575940642361845,1.3694366635543107e-05,sensor
720575940624273919,0.0,sensor
720575940624175615,0.0003613080152695999,sensor
720575940634989081,0.00027591592192432524,sensor
720575940618932763,0.0034192076301420033,inter
720575940632465962,0.000576576927067123,sensor
720575940618965553,4.843048330443288e-05,inter
720575940615426610,0.00033050468864794587,inter
720575940618342966,2.604163181437569e-05,motor
720575940619981366,0.000420715111441402,sensor
720575940632891961,0.0007492507585044597,sensor
720575940619457088,0.0035087545748310038,sensor
720575940637905478,0.0001763454058872226,sensor
720575940627845704,6.979458450046686e-05,motor
720575940626403917,0.01268099274341771,sensor
720575940617818708,0.0011121604319383428,sensor
720575940626469465,0.00013364393376398182,sensor
720575940627223140,7.304667898905594e-05,sensor
720575940632760936,3.1693100520631535e-05,sensor
720575940622275199,0.0009413646410945331,sensor
720575940640625280,0.0006987163212623985,sensor
720575940626240131,6.60541994575608e-05,sensor
720575940641706637,2.9239432850877427e-05,sensor
720575940623618708,0.00011212421476527121,motor
720575940612477589,0.0001780100929260593,sensor
720575940635873946,0.0003086343002809589,sensor
720575940633350812,0.0006990965920537752,inter
720575940633645732,0.0003232721660092609,sensor
720575940633940653,0.00013436644499069468,sensor
720575940623225525,1.1082210662042596e-05,sensor
720575940625420986,0.0027998568456501626,motor
720575940622865084,0.00029619572696803586,inter
720575940621062861,0.00019742606037123845,sensor
720575940623192781,3.603663687697302e-05,sensor
720575940618310356,0.0001274620959494909,sensor
720575940622078685,0.0002614650866451587,inter
720575940602483424,0.0006048713136048072,sensor
720575940650357494,0.0002943550436047434,motor
720575940629517049,0.0008774216276217071,sensor
720575940629385978,0.0003093745434681809,sensor
720575940618769153,0.0002373729915246521,inter
720575940619064065,2.7094964970115036e-05,sensor
720575940617720577,0.0002966729019650188,sensor
720575940629451526,0.0003396988665596108,sensor
720575940617065228,0.00035593819057204424,sensor
720575940631319311,0.0026680224157965243,motor
720575940618703636,0.00031349682730234953,sensor
720575940613657366,9.918253015491914e-05,sensor
720575940627190556,0.0004949172790809448,sensor
720575940605694752,0.000348176066963582,inter
720575940618539810,4.51529818276517e-05,motor
720575940647441187,1.1152733111081667e-06,sensor
720575940612182824,6.393668578542528e-05,sensor
720575940647703348,0.0011255875847212382,sensor
720575940631253820,0.000218443197384774,sensor
720575940640625469,0.0003358867356466396,sensor
720575940621751105,5.224311947001023e-06,sensor
720575940624274249,0.0025337689378746994,inter
720575940629123914,0.0002696367628340417,sensor
720575940619948880,0.00014392317773670316,motor
720575940630467411,0.0012647808762754746,inter
720575940617392980,0.0002815801404736979,inter
720575940631974743,0.0001396892090169401,sensor
720575940639282008,7.748655017562582e-05,sensor
720575940626961241,0.00012096042120551924,motor
720575940618081117,0.0003221860172640485,sensor
720575940618343261,0.0,sensor
720575940612903793,0.0005641645547107733,sensor
720575940650685305,8.043217286914767e-05,sensor
720575940626142077,0.0005445352744272314,motor
720575940626928521,0.0001699424599084463,sensor
720575940626731920,0.0,sensor
720575940614574994,0.00016681196288039025,inter
720575940634825623,6.267586399639222e-05,motor
720575940619654053,0.00019419990218309553,sensor
720575940626994122,3.9718532915811836e-05,sensor
720575940633940947,0.0010420400557455375,inter
720575940617917396,0.0004179327815782399,motor
720575940642624475,0.0001340112410627573,sensor
720575940640986075,0.0014362660325282213,sensor
720575940613493733,0.0003098458553140425,sensor
720575940618245094,0.001091622347298531,sensor
720575940626404337,3.2943600720711564e-05,inter
720575940624307187,3.534747232226225e-05,sensor
720575940623455239,0.0016047831831145164,motor
720575940625421320,0.00010834571924007698,sensor
720575940609299467,6.58040994175448e-06,sensor
720575940614018060,0.0,motor
720575940625978382,9.337068160597574e-06,sensor
720575940632400911,8.703481392557022e-05,sensor
720575940617688093,0.001003249005599946,inter
720575940625585182,0.00027599293685728253,inter
720575940605400096,0.0001626322079503352,sensor
720575940647310371,6.10577564359077e-05,sensor
720575940647113763,0.005056784813862646,sensor
720575940625912871,0.003946482179623263,inter
720575940631254060,3.216448229235953e-05,sensor
720575940626437168,3.681102070457813e-05,sensor
720575940631057468,0.0003393150911158112,sensor
720575940627223614,0.00015877490967526983,inter
720575940638200910,0.0004574725411310046,sensor
720575940625454162,9.581610421946558e-06,motor
720575940623094878,0.0,sensor
720575940622996579,0.00035520372170032044,motor
720575940640789619,0.0010637710110499225,sensor
720575940631483510,6.435907696411899e-06,sensor
720575940636988535,0.00018288294153640292,sensor
720575940636922999,0.00011761530008828928,inter
720575940629812346,0.0006842035800358263,motor
720575940628141193,0.0017435278251604765,sensor
720575940643312781,0.0008115669548242582,sensor
720575940642428045,3.499495036109682e-05,motor
720575940617098385,0.001970149865352064,motor
720575940624045203,0.00033631865444590524,sensor
720575940625454228,1.4894846827619937e-05,sensor
720575940610544810,2.789634372267426e-05,sensor
720575940634039469,4.269009190977979e-05,sensor
720575940615623867,0.0007557293767429994,motor
720575940630140119,0.00017436000374175658,sensor
720575940638627038,0.000588113816955354,motor
720575940609725705,0.0003580964612877379,sensor
720575940616836364,0.00020453181272508998,sensor
720575940619031837,0.0013858102644617252,motor
720575940614640936,4.8003328315453174e-05,sensor
720575940629878059,0.0009079512590917151,sensor
720575940628370732,0.0001194316350878976,motor
720575940633941293,0.0009806744635176006,motor
720575940631811373,0.0002779606792211834,sensor
720575940632007983,0.000585086498801985,sensor
720575940631483695,0.0003618304057479728,motor
720575940618769718,0.0001815297547590465,inter
720575940629845303,3.001200480192077e-06,inter
720575940609922372,0.0009152301132093049,sensor
720575940625388873,0.0001043425306630589,motor
720575940632401233,6.18310816390048e-05,motor
720575940616770909,0.0005524532564348491,sensor
720575940625585508,0.00012279676180236405,sensor
720575940637611365,0.0017122256143364577,inter
720575940630664556,0.00020488451790972803,sensor
720575940611134833,0.0005804767770423597,sensor
720575940619883899,0.00045312677740648943,sensor
720575940619556219,0.0003630102834784708,sensor
720575940608185730,0.0005957420486232011,inter
720575940608152962,1.3338668800853676e-06,sensor
720575940624209288,0.000329540957966241,sensor
720575940624504212,9.790741693502799e-05,inter
720575940613526937,0.0017524772923932597,sensor
720575940633351578,0.0006819485610502019,inter
720575940634301852,0.0006120614912631722,motor
720575940615460255,0.00043858732304110466,inter
720575940644001184,6.121236373337214e-05,sensor
720575940615394719,3.379764604254401e-05,sensor
720575940632008109,0.0003200962924852481,inter
720575940624340407,0.00023247116306840193,sensor
720575940617262523,0.0,sensor
720575940640101821,2.223111466808946e-06,sensor
720575940623193549,6.456550874317983e-05,motor
720575940617393625,0.00026939294236213,motor
720575940612347354,5.3310212974078514e-05,sensor
720575940624897516,6.248689952171345e-05,motor
720575940623062515,2.834467120181406e-06,motor
720575940622013940,4.693544084300387e-05,sensor
720575940625159677,0.000876075827156259,sensor
720575940625847810,6.669334400426838e-07,motor
720575940620047877,0.00048560852912593616,sensor
720575940626535973,0.0011083564887086296,inter
720575940632499757,7.612965821249135e-05,inter
720575940611397166,0.0015394571618561215,sensor
720575940614903347,3.81930549997777e-05,sensor
720575940647966260,0.00024376867148975987,inter
720575940638168639,2.355386599084078e-05,inter
720575940639151694,0.0,sensor
720575940629485135,6.713320248734413e-05,sensor
720575940628403791,0.0005608076804555397,inter
720575940633056849,3.2449487731600584e-05,sensor
720575940639118926,0.00014362094043966788,sensor
720575940640888408,0.00028397867083341274,sensor
720575940611167842,1.5401924426403783e-05,motor
720575940637578853,0.0021535187913607717,motor
720575940607170178,2.9428438041883426e-05,motor
720575940648425092,0.0,sensor
720575940621096583,0.00019493247034263442,sensor
720575940655011489,0.00011817478314076954,inter
720575940604352172,0.000613615648279514,sensor
720575940611659443,0.0001772428548138832,sensor
720575940612347571,1.6813339092250657e-05,sensor
720575940636235444,0.00011385268393071517,sensor
720575940621457079,0.00042830597847604685,motor
720575940618442425,5.891245387043706e-06,sensor
720575940621522624,0.0012246877587013642,sensor
720575940623128269,6.955480604940389e-05,motor
720575940607825621,0.0004844495999457985,sensor
720575940642592475,0.0008224033314069328,sensor
720575940623619805,0.001485933262193766,sensor
720575940651341558,0.00011778679725858599,motor
720575940608120587,0.0006830287670623808,inter
720575940622898957,2.5310124049619846e-05,motor
720575940622538520,0.0003976987620445004,sensor
720575940627715870,0.000932172604491532,motor
720575940618540834,0.00018208394468898672,sensor
720575940615067432,0.0001475010639176306,sensor
720575940631123759,0.00013329405836408638,sensor
720575940619097905,0.0017947946374316918,motor
720575940638103349,0.0014865025375229456,motor
720575940626569018,0.00026536037695501475,inter
720575940639086399,0.0013700597677188313,sensor
720575940609365828,6.671636908731746e-05,inter
720575940618409797,3.668133920234761e-06,motor
720575940620310357,0.00043459465593319156,motor
720575940609136476,3.805490450148314e-05,sensor
720575940630501228,0.00033975415563050615,inter
720575940637218672,6.649326397225557e-05,motor
720575940622440308,0.00032190892229907835,sensor
720575940641085312,0.00021444133208839091,sensor
720575940630042508,0.00015146137820207448,motor
720575940641904525,0.000219951232056074,inter
720575940635449230,4.069087952641374e-05,sensor
720575940621555603,0.00015530745265139023,inter
720575940635449239,0.0005160635923441048,sensor
720575940627421080,0.00010694912885789238,sensor
720575940617787293,0.0004393050871142108,inter
720575940613167007,0.00023913331566392798,sensor
720575940620474278,0.0014930223412116168,inter
720575940621555622,1.0004001600640257e-06,sensor
720575940633614253,0.0004515036173199441,sensor
720575940636497838,0.00043008684955463664,sensor
720575940634826676,0.0003148111096290368,motor
720575940621064128,0.0007760207738699128,sensor
720575940616869830,0.00019308278867102401,sensor
720575940631975884,0.0002034695311506036,sensor
720575940632106959,0.00018792596403640827,sensor
720575940638201833,0.002073509623629672,motor
720575940624537578,0.00479845468731023,sensor
720575940631418875,2.7911164465786317e-05,sensor
720575940630829051,5.144359331034001e-05,motor
720575940631681019,7.516975043985849e-05,sensor
720575940624177151,2.308383670928689e-05,sensor
720575940628404227,0.00015247368788785356,inter
720575940628895750,0.0007499385183458813,inter
720575940616837132,0.00031846577014644237,sensor
720575940629485584,0.00012826797385620916,sensor
720575940621195290,0.001522789664946528,sensor
720575940618835995,0.0010759354006152724,sensor
720575940622702618,0.00014692870895351894,sensor
720575940644132900,0.00011311978207432042,sensor
720575940622506022,1.659076328944276e-05,motor
720575940629911595,0.00022730438461948462,inter
720575940610611246,0.00022261126672891378,sensor
720575940612380723,0.00037891214686932976,sensor
720575940638496821,0.0006923404282347863,motor
720575940631615545,0.0004264817037926281,sensor
720575940618147899,0.00011327705685448781,sensor
720575940631255100,0.0011385732744276153,sensor
720575940637022271,0.0007325143131215559,sensor
720575940617066560,6.226090724890246e-05,sensor
720575940631517251,0.000665300776395214,sensor
720575940615723077,2.4565381708238855e-05,sensor
720575940627716168,0.00014931051785793684,motor
720575940624898125,0.00019674536481259172,sensor
720575940632107091,0.0003066094162532738,inter
720575940640856152,6.993352896714242e-05,sensor
720575940621752417,0.0006630825064698617,sensor
720575940631287912,0.00021543043161690619,sensor
720575940627519619,5.94682317371393e-06,sensor
720575940627716229,0.0033369593869293722,sensor
720575940625651849,0.0016520202097933196,sensor
720575940631353484,0.00011148033030699144,inter
720575940613986454,4.733639487541049e-05,sensor
720575940635678871,0.0005310135125104593,inter
720575940635547802,0.00026733788753596684,motor
720575940617296029,0.00014110137339429064,motor
720575940618344606,0.00032678150625329493,inter
720575940615624866,0.0002461178142320163,inter
720575940634007725,9.289694713864381e-05,sensor
720575940618442937,3.334667200213419e-07,sensor
720575940621326529,0.000142254704079434,sensor
720575940610414787,0.0005742481204405105,sensor
720575940616804550,2.5010004001600643e-06,sensor
720575940614936774,0.00011504866496863296,motor
720575940626962634,5.018729899986751e-06,sensor
720575940624439498,7.443850556095452e-05,inter
720575940631091407,0.0014965497502512305,motor
720575940613527761,0.002429042516477491,motor
720575940618082516,1.722911386776933e-06,sensor
720575940621392086,0.00030903869484301644,sensor
720575940613527779,3.522520119158775e-05,sensor
720575940624832743,0.0007896875909423036,sensor
720575940622964967,1.0004001600640257e-06,sensor
720575940639152361,0.0005211304098358922,motor
720575940623554796,0.0027572695744964653,sensor
720575940635154680,0.00013044847568657094,sensor
720575940634499320,7.513799170461834e-05,sensor
720575940627683588,0.003456799851882887,motor
720575940626831620,1.690676270508203e-05,motor
720575940609628427,0.000499009175579804,sensor
720575940624472334,0.0006715683627948534,inter
720575940628535569,0.00028675941275981286,sensor
720575940619655444,0.0001354097194433329,sensor
720575940626962709,0.0003276855956427785,inter
720575940642724119,0.0005057311284302081,sensor
720575940621457690,0.00014765350584678317,inter
720575940619065627,1.2127073051442798e-05,sensor
720575940647311651,6.0579787470543765e-06,sensor
720575940628437291,0.0072098806759170984,motor
720575940615723314,0.006836376114437339,inter
720575940614019379,0.0004181487409778726,inter
720575940631189817,0.0017116478459515672,motor
720575940631714119,0.0001326562370980138,motor
720575940627814728,0.00015158073811535197,motor
720575940628830538,0.000248996423966412,sensor
720575940621818203,4.511804721888756e-05,sensor
720575940621392219,0.0005241493422765935,sensor
720575940622309726,0.0006262130676337537,inter
720575940623587683,0.00011661119474244722,sensor
720575940629715305,3.931096248023019e-05,sensor
720575940630665580,0.002399919776620457,inter
720575940650752377,0.00022573473833978032,sensor
720575940629780858,0.002900310172168916,motor
720575940622801279,0.0002752479298597746,sensor
720575940616182155,0.0008644563992992751,inter
720575940632795532,0.0013501854325183656,sensor
720575940614740374,0.0005740888948171863,motor
720575940652554657,0.0020469408528485103,inter
720575940628699560,0.00010709839491352098,sensor
720575940614314415,0.0011687402714813673,sensor
720575940625062325,0.0004895239943759353,sensor
720575940625357244,0.00019168778622560134,sensor
720575940616673734,0.0,sensor
720575940643543496,0.00018259521961002555,inter
720575940606056905,0.0001804613712877019,sensor
720575940619524555,0.0005329629446776307,motor
720575940633450956,0.00011718020541549955,sensor
720575940632041935,0.0002416786820548325,sensor
720575940641511888,0.00026141250150853976,sensor
720575940641216976,0.0006923404522944342,sensor
720575940622932438,0.0001767868523070604,sensor
720575940631058908,0.00011427904495131387,sensor
720575940625652204,0.0001558443483213392,sensor
720575940621261296,7.331609892634302e-05,motor
720575940622539252,1.564329435477895e-05,sensor
720575940629354999,0.0,sensor
720575940628896252,0.000547106351167106,sensor
720575940628535804,1.0359699435329689e-05,sensor
720575940620835327,0.0006789234212203403,motor
720575940628699654,0.0004663908612988245,sensor
720575940623817223,0.0006813495239365592,motor
720575940632402447,2.0202525454626293e-05,sensor
720575940633483807,0.00017198473721082762,sensor
720575940644362788,1.9919078742608154e-05,sensor
720575940609366574,1.6673336001067094e-06,sensor
720575940617787963,0.0008468810804745181,motor
720575940626143806,0.0003279821308032592,sensor
720575940627847752,0.000964312312226478,motor
720575940629322314,3.366902316482149e-05,sensor
720575940629256779,0.00036279662455132643,inter
720575940632042065,7.669734560490863e-06,sensor
720575940617493078,0.0003891252268103011,motor
720575940626012761,0.0,sensor
720575940617886301,0.0005586909366921374,inter
720575940637350501,2.223111466808946e-07,sensor
720575940614412906,0.0006658623766967109,sensor
720575940630174326,0.00011613243180870233,sensor
720575940630239866,0.0,sensor
720575940661074561,0.0,sensor
720575940648360580,0.0,sensor
720575940623391370,0.0,sensor
720575940637416078,0.0004023530528132369,sensor
720575940634303132,4.263054428120456e-05,sensor
720575940614707871,0.0008841893900417313,inter
720575940640856739,2.46765372815793e-06,sensor
720575940632042148,0.0007640402721935336,inter
720575940632697508,6.16188504387262e-05,sensor
720575940626668218,0.0013998273912739698,motor
720575940640168637,0.0006796131150873052,motor
720575940635974335,0.00021123608173428105,sensor
720575940616608454,0.00011571612772092965,sensor
720575940623194845,0.0001911484170387732,sensor
720575940638333662,0.0003113568178594188,sensor
720575940613135077,0.0007885341467774438,sensor
720575940625357547,0.008561964723729436,sensor
720575940624931564,0.00021811846431694365,sensor
720575940613233394,0.0007945678271308529,sensor
720575940627454730,5.204303943799743e-05,motor
720575940620802836,0.0012285527967800876,motor
720575940627946261,0.0014894162811829883,motor
720575940635089689,0.0001749787216473891,inter
720575940622998298,0.0007853887586780744,sensor
720575940605238048,2.7650742836817273e-05,sensor
720575940625718053,0.00010662386647780807,sensor
720575940611398446,0.0004606601900019268,sensor
720575940618902326,5.314730509808541e-05,inter
720575940610054980,0.0001376219800089348,motor
720575940617034565,0.0,motor
720575940616870725,0.00042033852983232745,sensor
720575940624538445,0.00015913508260447033,sensor
720575940630043471,0.000394894730378924,sensor
720575940627585874,1.8529634075852565e-05,motor
720575940629814103,9.327064158996932e-05,inter
720575940609137500,0.0027142143686587562,sensor
720575940607761244,0.00028013136471519823,sensor
720575940619295585,2.2583636629254878e-05,sensor
720575940623817572,0.0008894355361192095,motor
720575940637547365,0.0004762767781475266,inter
720575940634172267,7.947623493841983e-06,sensor
720575940612709234,0.00037557898617322387,inter
720575940630436730,0.00047542932516922106,sensor
720575940619918203,0.0007452721829472532,sensor
720575940627356547,0.00012849187293965204,sensor
720575940617821063,0.0,sensor
720575940620573575,0.0003252467653728157,sensor
720575940615592850,6.736027744431106e-06,sensor
720575940618574749,0.0022436727336437217,motor
720575940614445983,0.0006436739679036597,sensor
720575940644395936,0.0003436250161440238,sensor
720575940621818790,0.000582005288888042,sensor
720575940614380455,0.000696850457354659,inter
720575940622932905,0.00013815896729061996,motor
720575940605238206,0.00019194026817076035,sensor
720575940618902488,0.0019083596401523568,sensor
720575940636957662,9.61495709394869e-06,sensor
720575940624538599,0.0010314363840774406,motor
720575940625062891,1.2551052166898506e-05,sensor
720575940619623407,0.002985531249536851,inter
720575940625980403,0.00037596281899002974,sensor
720575940629584887,0.00011028855986839181,motor
720575940615429118,0.006416772157118298,sensor
720575940623784959,0.00014413543195055802,sensor
720575940628077568,9.531085161337262e-06,sensor
720575940627848196,7.155243049600795e-05,inter
720575940628405258,0.0,sensor
720575940616018956,0.004805032089795995,motor
720575940629715984,2.2581543439886776e-05,sensor
720575940628110357,8.892445867235784e-07,sensor
720575940612348950,0.00039972364607218544,inter
720575940635089945,0.019165893785641683,sensor
720575940621753377,0.000956000654229946,sensor
720575940626078759,0.003260693166155351,sensor
720575940623916071,0.00022989486800011015,sensor
720575940631059501,0.0005592345403769976,sensor
720575940624931888,0.002821991711547534,sensor
720575940647935028,0.003008604840240506,sensor
720575940638989375,0.0008357531324218001,sensor
720575940610677828,0.0011320301930295925,motor
720575940632304711,0.0002906818090391519,motor
720575940628307026,0.006754164924933236,sensor
720575940633746515,0.0009864022809701082,inter
720575940628372562,8.538494762984559e-05,inter
720575940621065301,9.408842902240263e-05,motor
720575940615593044,0.00032943742672634233,sensor
720575940640463960,0.00026998512062537675,sensor
720575940622998627,0.003523772279474561,inter
720575940629421159,0.0014245063104606926,motor
720575940631321704,0.0006425009157101996,sensor
720575940630502522,0.0014587554598559,sensor
720575940629486714,0.00018344004268374021,motor
720575940627684477,6.39152486391382e-05,sensor
720575940626013315,0.0006770837964815556,sensor
720575940627192963,0.0006580552856063062,sensor
720575940639874189,0.00010800960595878565,sensor
720575940636695694,0.0,sensor
720575940624112787,0.0,sensor
720575940615855254,8.377795562669513e-05,sensor
720575940615986335,3.8653556660759545e-05,sensor
720575940643347616,0.0001840410767481596,motor
720575940613692578,9.669026340695006e-05,inter
720575940615298215,0.0006369084911501883,motor
720575940627094696,7.375172291138676e-05,sensor
720575940620541099,0.00016566070872793564,motor
720575940624964789,3.167933840202748e-05,sensor
720575940645084360,0.0015642893169403773,sensor
720575940643740872,0.0008349641443879145,motor
720575940612775130,0.00019449128857892365,inter
720575940611300570,0.00016819565729129555,sensor
720575940638792937,0.00010193760043700019,sensor
720575940625390828,1.3850778406600735e-05,sensor
720575940640955637,0.0003999626305548674,sensor
720575940627160322,0.00047227749463643853,sensor
720575940628995331,0.0005997692883249739,motor
720575940628143376,0.00035209670688862363,inter
720575940621393172,0.0034434860117133034,sensor
720575940606385440,4.690765194966877e-05,sensor
720575940646526243,0.00014991382555908366,motor
720575940614544680,0.0005502257476046992,sensor
720575940626275632,0.0,sensor
720575940640333109,5.9943578200881114e-05,inter
720575940632206649,5.604248388318538e-06,sensor
720575940637711686,0.00013020922654776197,sensor
720575940627750216,9.083898109508354e-05,motor
720575940629224778,0.00010820995064692544,sensor
720575940620082512,0.0005643742340594996,motor
720575940620868946,1.9063180827886712e-05,sensor
720575940617198932,0.0002021353514950955,inter
720575940625784153,0.0003879609070027342,sensor
720575940621819227,0.0010784391734271687,sensor
720575940615757162,0.0008168402522144021,inter
720575940628864364,1.4005602240896359e-05,sensor
720575940619754861,0.0002793544305649147,inter
720575940621622637,4.1194255479969766e-05,sensor
720575940638039408,2.5565781868302876e-06,sensor
720575940607860098,0.0001116740346932424,sensor
720575940627422595,0.0,sensor
720575940612054425,0.004134664712445825,motor
720575940628438427,0.000571290709646052,sensor
720575940615036319,6.227199874658857e-05,sensor
720575940644494752,0.002320472713079757,motor
720575940655013281,0.000258709039171224,motor
720575940620541349,6.589858165488418e-05,sensor
720575940603338156,3.7232353258763826e-05,sensor
720575940637515182,0.00022825000120266058,sensor
720575940609957315,0.0010636806309825514,motor
720575940607827401,7.78089013383131e-06,sensor
720575940613529041,0.0001224378640345027,motor
720575940611694034,0.00028460220066862723,sensor
720575940633583059,0.004456757356992449,sensor
720575940618116569,0.001971683647003775,inter
720575940638236126,1.2193766395447068e-05,sensor
720575940611530213,0.00016943920425312986,sensor
720575940631617017,0.0008879742014966693,motor
720575940629487104,7.093234119044443e-05,motor
720575940628995587,7.394068738606555e-05,motor
720575940625391112,0.0005600658252719079,sensor
720575940609269259,9.670534880618913e-06,sensor
720575940626406933,3.600964195201891e-05,sensor
720575940612840982,0.002404218849822092,inter
720575940612906518,0.0009717914080746166,motor
720575940626669086,3.6459028055666715e-05,sensor
720575940624604710,0.0010896815544761682,motor
720575940611497518,0.0002353635537909247,sensor
720575940625096240,0.0014127924572352338,inter
720575940631518776,0.0006636883830011082,motor
720575940626112062,0.0004478500635463423,sensor
720575940637089343,0.0007189508078363623,motor
720575940625194558,0.000619231795652364,inter
720575940638989894,0.0020502502588336923,motor
720575940626308697,5.966831176915211e-05,sensor
720575940622048862,0.0034235084041756704,inter
720575940633550431,5.7056155795651605e-05,sensor
720575940635385440,0.0006056100042607693,sensor
720575940628668009,6.447023253745943e-06,motor
720575940628897385,6.669334400426838e-07,sensor
720575940638006896,0.0003554669583080947,sensor
720575940627455621,1.6673336001067094e-07,motor
720575940617625227,0.0011012890245083121,sensor
720575940643118733,0.00015294371716940747,sensor
720575940623326868,0.00033643457382953184,sensor
720575940614643350,1.144902405406607e-05,motor
720575940629552795,4.5050295250375286e-05,sensor
720575940635188892,4.446222933617892e-06,sensor
720575940629847707,6.669334400426838e-07,sensor
720575940618116766,1.0726512827353163e-05,motor
720575940656062113,6.034794870329084e-05,inter
720575940612218547,4.743643489141688e-05,sensor
720575940625063605,0.0001497505086690761,sensor
720575940616740539,1.5013942084770416e-05,sensor
720575940627521223,0.00019836669636589608,inter
720575940631092943,7.711867815909431e-05,motor
720575940631158487,0.001096706533281163,sensor
720575940623326941,0.0009264472984961183,inter
720575940623884012,2.7788893335111823e-05,sensor
720575940621819630,0.003361532179009169,motor
720575940626767612,4.4795190803594164e-05,sensor
720575940624178943,7.0028011204481795e-06,sensor
720575940628832004,2.813347561246721e-05,motor
720575940627652358,0.0008699372245290617,motor
720575940632469290,0.0019262037408295915,inter
720575940632960813,0.0005794254209620358,motor
720575940611563310,0.00549616908590498,sensor
720575940646068020,0.0014854010627820147,inter
720575940618149686,0.004652385620960342,sensor
720575940626014014,0.00036718179335226144,sensor
720575940615626562,0.0010913535114715585,motor
720575940627226468,0.00016284499147644406,sensor
720575940628012903,7.78605092830783e-05,sensor
720575940637712243,0.0031063715240563245,sensor
720575940637056887,7.94762349384198e-06,sensor
720575940650262393,0.002305813500891534,sensor
720575940619853691,2.083055444399982e-05,sensor
720575940630568830,0.0014986388735388333,sensor
720575940628897662,7.0250322351162695e-06,inter
720575940640857984,2.223111466808946e-07,sensor
720575940641251200,0.0,sensor
720575940660223873,1.050420168067227e-05,sensor
720575940615233419,0.00017827766027045738,sensor
720575940637187982,0.0006358551357050758,sensor
720575940627750799,0.0008073767265443937,inter
720575940626374544,1.2916277622159976e-05,sensor
720575940614217622,0.0007163889365269921,sensor
720575940613431193,0.0,sensor
720575940632698797,1.8518518518518518e-05,sensor
720575940604813233,0.00010245209194789026,sensor
720575940618510265,0.0001606309190342804,sensor
720575940609695683,0.0005147379779232523,motor
720575940626046919,0.0007816518141648191,inter
720575940633223116,0.00030575007780890134,sensor
720575940612087758,0.0001979363173840966,inter
720575940610056149,5.5788982259570504e-05,sensor
720575940608909269,3.4127363319909904e-05,motor
720575940618248153,4.051043216709484e-05,sensor
720575940613726179,0.00017105151343846825,sensor
720575940621164532,0.0018660341452501794,sensor
720575940634927096,0.00043997678436453964,sensor
720575940612612094,0.0013778534742420298,inter
720575940608188427,0.0018917858148550432,motor
720575940632403986,0.0017877246617742815,sensor
720575940624080920,6.406451469476682e-05,sensor
720575940626243614,0.0003305361827270591,inter
720575940647182371,0.000512106429873537,sensor
720575940643315748,0.0004464860018081306,motor
720575940632305711,0.001025632475212307,motor
720575940632043576,0.0016691242634619984,motor
720575940631715896,0.0,motor
720575940639055933,5.595571561958117e-05,sensor
720575940626112589,0.0,sensor
720575940620968021,0.0006184072233992203,sensor
720575940635517024,0.00028121197974139133,sensor
720575940621820001,0.0002044368011754966,sensor
720575940623917155,0.0006349121659245712,sensor
720575940628635751,0.00012524163104395193,inter
720575940629422183,0.0007885630683249734,sensor
720575940631584876,0.0020324400683794435,sensor
720575940630667372,0.00011767193649946754,motor
720575940612907121,0.0017054098556949693,sensor
720575940611563633,0.00011510188490980808,sensor
720575940620542068,0.00038266999921661795,sensor
720575940620836988,7.161753590325018e-05,sensor
720575940630601854,0.0006163748568210353,sensor
720575940621000831,0.0004837209201955101,inter
720575940626899088,0.00022066842610059896,sensor
720575940617166993,0.0005367340057716209,motor
720575940612284569,0.0007635519770123613,sensor
720575940635844762,0.00030729381699769854,sensor
720575940655112353,0.0,sensor
720575940655014049,0.001297714588480895,motor
720575940639121571,7.38564018125843e-05,sensor
720575940619264193,0.0004394937869327627,sensor
720575940624310468,0.0021048957064667695,sensor
720575940633256140,0.00045258103241296524,sensor
720575940634140883,0.0003523097069515636,motor
720575940612645082,0.0002019464110800645,sensor
720575940638204132,0.0024643792797524886,motor
720575940621656308,0.0001373467376368537,inter
720575940641480949,0.0005619223880028205,motor
720575940653310198,0.00017511449024054066,motor
720575940624179455,0.0010879085640990403,sensor
720575940625031426,0.00016643489162931728,sensor
720575940628406538,0.002948750347156765,sensor
720575940629192975,0.00030878621289785746,inter
720575940628177171,0.00035038142241023383,sensor
720575940622344472,6.339758125472412e-05,sensor
720575940626342174,0.0002444245134321165,sensor
720575940633157919,0.0005452184536818389,motor
720575940606648608,0.0016890076691497258,inter
720575940622147873,0.00019191644911933028,motor
720575940627849515,7.744208794628962e-05,sensor
720575940638269757,0.0,sensor
720575940627194174,0.0006335292053329267,inter
720575940638892351,0.000128972223810159,sensor
720575940627161406,3.8720250004763814e-05,sensor
720575940617593157,0.00014109056320941074,motor
720575940639285574,0.0005008405959786514,sensor
720575940627882322,0.00024203173332825194,sensor
720575940617494877,0.0004225145084488824,motor
720575940628636007,2.0008003201280513e-06,sensor
720575940645282158,0.00020430553173650411,motor
720575940636762479,0.00034861136151652356,sensor
720575940613103986,2.0008003201280513e-06,sensor
720575940619035003,0.0003167211328976035,motor
720575940613693842,0.00018399351082424315,sensor
720575940635681198,0.00013996286345225925,inter
720575940637843886,0.0003367008049380999,motor
720575940626309562,0.003299654590070755,sensor
720575940615201211,0.0002229539556970528,inter
720575940633190847,9.600903853604933e-05,sensor
720575940632469964,0.0014744768518277927,motor
720575940614808017,0.0002931369332429757,sensor
720575940623065558,2.446057788194643e-05,sensor
720575940618674648,0.0009570080316879042,inter
720575940618609112,0.0008532468542972744,sensor
720575940623426013,0.001281850402498661,inter
720575940612710883,0.0022715356224259787,inter
720575940620018159,0.0005334838119952168,sensor
720575940629586417,0.0,sensor
720575940621820404,0.0026697668555080416,inter
720575940642267637,0.0,sensor
720575940650033654,0.0003430269687441452,sensor
720575940629160442,0.0,sensor
720575940628537852,0.000693169090628074,motor
720575940627423746,1.351334184467438e-05,sensor
720575940631716399,0.0027590422412351184,sensor
720575940614087219,0.0007454259722166889,motor
720575940614840891,1.556178026766262e-06,sensor
720575940632764995,0.00022089497174531187,sensor
720575940632404555,0.00014560903726569993,sensor
720575940620083797,1.0048463829976435e-05,sensor
720575940617691734,0.00124633848248294,sensor
720575940625031769,1.4716131762950493e-05,sensor
720575940639023706,4.546262949624294e-06,inter
720575940634894943,0.000571094107158533,inter
720575940634763877,0.00027115158232605214,sensor
720575940628865644,0.000992265184091914,inter
720575940621754989,0.00012140623445145257,sensor
720575940621099629,6.89386865857454e-05,sensor
720575940649181817,0.0001434796140678494,sensor
720575940623229564,0.002320613873930854,inter
720575940620182151,0.00035665747780593715,motor
720575940621460115,0.00013223702179284411,inter
720575940627980955,0.00015364558521821433,sensor
720575940615594658,7.3029211684673866e-06,sensor
720575940627980968,0.0,sensor
720575940636828334,0.0001915657797510539,motor
720575940613169843,5.9252272337506416e-05,sensor
720575940611957427,0.0017523714308678303,motor
720575940625588920,0.00019029834155884575,sensor
720575940639285949,0.0012892954800968006,motor
720575940635878079,9.35342390924624e-05,sensor
720575940610515651,0.0006780652170216616,inter
720575940610482883,0.001124237176833215,motor
720575940616413894,6.783348259938896e-05,inter
720575940605010633,8.289294553800357e-05,sensor
720575940610777806,0.00012064349549343547,sensor
720575940636795620,8.53126965071743e-05,sensor
720575940613563117,0.0003994005009411172,motor
720575940627620593,8.39224578720377e-06,motor
720575940650033910,0.0013361439647454052,sensor
720575940608287497,0.00020923448744577202,inter
720575940609860363,0.0,sensor
720575940623688461,0.00014768870511167433,sensor
720575940627456798,0.0007730534012546816,sensor
720575940644758308,0.00027636575313145937,motor
720575940611597102,0.0003445550177743056,sensor
720575940647936820,1.0004001600640257e-06,sensor
720575940632437561,0.00046307120731890647,sensor
720575940617298747,4.830609492474239e-05,motor
720575940616217403,0.00010258865450942284,sensor
720575940614808386,0.0004151059894857413,inter
720575940624737101,0.0004611966313146785,inter
720575940620575568,0.000520772065439933,sensor
720575940631683927,0.0006736081156849466,sensor
720575940608451420,0.004328443102552744,motor
720575940635779935,0.0008125599446127663,sensor
720575940635714399,0.00023322902994771737,sensor
720575940622115681,0.00024495380162647067,sensor
720575940612219746,5.6314589327794616e-05,sensor
720575940605797222,0.000539257237286449,sensor
720575940631323500,3.210172958072118e-05,sensor
720575940646364014,0.0002210452964254485,sensor
720575940617626485,1.735138499844382e-05,sensor
720575940630176630,6.918084694195138e-05,sensor
720575940630340474,0.0004813168727734554,sensor
720575940619559815,0.0003765453271255593,motor
720575940624704393,2.7922280023120365e-05,sensor
720575940641285005,4.008534630783531e-05,sensor
720575940635747214,2.6477257569694544e-05,sensor
720575940625458064,0.0002485875169731321,sensor
720575940644496288,0.006557265013516628,sensor
720575940644004768,4.8894160838938755e-05,sensor
720575940604814252,6.669334400426838e-07,sensor
720575940632306605,0.00010461144534773989,sensor
720575940620673985,0.00011021869065086349,motor
720575940621067204,0.0005858936888848854,inter
720575940627129290,3.6125561335645372e-06,sensor
720575940619854795,0.000319324555218913,sensor
720575940620706776,9.218475750088394e-05,inter
720575940622410736,0.0,sensor
720575940629586929,0.00014012430368972987,sensor
720575940628898812,8.981370325908141e-05,sensor
720575940629914627,2.136410119603397e-05,sensor
720575940626408454,0.0003534090885031261,sensor
720575940609598475,0.0007646439768788714,sensor
720575940628767765,0.0002240078571110984,sensor
720575940623885353,0.000580679361691767,sensor
720575940623918121,4.0505090925259e-05,motor
720575940631520312,0.001440600626975176,motor
720575940630733884,0.001934442278780015,inter
720575940619592768,0.000599130922210154,sensor
720575940609991748,0.0008106795868900712,sensor
720575940610679876,0.0,motor
720575940637647950,0.00036224935639701556,inter
720575940617626710,3.992708194388867e-05,sensor
720575940639417432,0.0019908587773733834,motor
720575940621132894,1.0304121648659463e-05,inter
720575940628145257,0.0006185415965327931,sensor
720575940629881964,0.00018928285599954271,sensor
720575940629357676,0.0003013459351994765,sensor
720575940645938286,0.00029023680179142354,sensor
720575940640138355,2.578809301498377e-05,sensor
720575940623099004,0.0005189531352170323,sensor
720575940620903551,0.0001248557457541051,sensor
720575940661142657,0.00044309410338430665,sensor
720575940618314897,0.0006545753462520172,motor
720575940624311444,0.0005949967288502708,sensor
720575940612973717,3.774084884790036e-05,sensor
720575940614972575,4.335067360277444e-06,sensor
720575940633486509,0.00011889517711846644,sensor
720575940613203119,0.0008803827095643824,sensor
720575940622214320,0.0005617135743186164,sensor
720575940606190770,0.00041412275479815535,sensor
720575940634764468,0.00010224407223206742,sensor
720575940617299131,3.226661034784284e-05,sensor
720575940625556668,0.0007574715071213668,sensor
720575940615922875,0.0005895607160613165,inter
720575940630439106,0.0006772933301044547,sensor
720575940606354633,0.0009832416686658386,inter
720575940618282201,0.00013632437101824865,sensor
720575940634109154,0.0010403120293945038,sensor
720575940613399781,0.00023566942409479418,sensor
720575940625458411,0.00017570996652629305,sensor
720575940614710509,0.030228932391397373,sensor
720575940623983859,0.0013066355591836367,motor
720575940630668538,0.0001996544649605874,sensor
720575940623164685,5.0699644937340014e-05,motor
720575940628276497,0.0002777375500464736,sensor
720575940643218711,2.029797426216863e-06,sensor
720575940623000858,0.0025075888182630873,sensor
720575940627916062,0.000506936107776444,sensor
720575940623295783,4.300609132541906e-05,sensor
720575940631717167,1.4839269040949714e-05,sensor
720575940625261872,0.0020203335302374924,sensor
720575940632503608,3.6459028055666715e-05,sensor
720575940632569145,3.917122404517363e-05,sensor
720575940627326270,0.0002550758879790492,sensor
720575940610549060,0.0007972728774049303,motor
720575940608845124,0.00014607165617569785,sensor
720575940629423434,8.752548638503022e-05,inter
720575940627162450,1.1726912987417188e-05,sensor
720575940630603091,3.615414419736149e-05,sensor
720575940623885667,0.00011965421089070552,sensor
720575940629357932,0.00038523028258922613,sensor
720575940619625837,0.0052690829652614355,motor
720575940613891442,0.005277147588210246,sensor
720575940617528693,0.00563108245851343,sensor
720575940628735350,1.3338668800853676e-06,inter
720575940649969017,0.0005433975177372538,sensor
720575940618216827,0.0006899821256063754,sensor
720575940618380667,5.560288828596153e-05,inter
720575940627096957,0.009562047359366284,motor
720575940628473214,8.25743476803901e-05,sensor
720575940639417728,0.0005137361823036093,inter
720575940659340673,0.0002218633966333047,motor
720575940627359107,0.0009821788503761298,sensor
720575940620346758,0.0012687797341158684,sensor
720575940624377224,0.002183162089899785,inter
720575940626900368,6.761911113651812e-05,sensor
720575940618216862,6.794940198301543e-05,inter
720575940616545695,0.00023976336566372577,sensor
720575940644627872,3.43915343915344e-05,sensor
720575940656063905,0.0,sensor
720575940615366055,0.00010219123724525888,sensor
720575940633912749,0.0004620229043998555,sensor
720575940606649777,0.00015306757623684397,sensor
720575940608353714,1.556178026766262e-06,inter
720575940608124338,0.0002835763935203711,sensor
720575940605601214,0.0024498364719570255,motor
720575940621460928,6.616754445886095e-05,sensor
720575940616807897,0.00038259960068683563,sensor
720575940631193052,0.00032176045021183063,sensor
720575940604814816,0.00042768377192146717,sensor
720575940611302883,2.042483660130719e-05,inter
720575940624377323,0.00036316153445505186,inter
720575940653213174,0.0021056952362474572,sensor
720575940636370424,0.0,sensor
720575940622312965,1.1066331294422531e-05,sensor
720575940606649865,0.00014300075362921554,sensor
720575940628342282,0.0008387201441423129,sensor
720575940623164941,0.002054294108215677,motor
720575940617266722,0.00013551505258187931,sensor
720575940627916331,0.00021579107833609633,sensor
720575940631717443,0.0005734447218040655,sensor
720575940619298373,0.0002458538971144013,sensor
720575940639581766,0.00034872044055717533,sensor
720575940618249797,0.0002723499045527856,inter
720575940625229385,0.0001692452113120381,sensor
720575940629292618,1.372771330754524e-05,sensor
720575940631946827,0.002129651596088171,sensor
720575940637943374,0.00014034105705774372,sensor
720575940628244050,0.0,sensor
720575940627981929,0.0002554204221371087,inter
720575940634601067,0.0004962278562218539,motor
720575940629489260,4.2694855720065806e-05,sensor
720575940644791918,0.0003066210611228618,motor
720575940613006961,6.558178827086391e-06,sensor
720575940617168501,2.0293831818441662e-05,sensor
720575940611532408,0.00023772384411640106,sensor
720575940627850877,2.8811524609843945e-05,sensor
720575940648363652,2.3342670401493934e-06,sensor
720575940626507408,8.103453021420209e-05,sensor
720575940624574100,0.00016373983455816187,inter
720575940634502812,0.0003053105561608963,sensor
720575940644726432,0.0,motor
720575940639352483,0.0005966872707568986,inter
720575940640761507,0.0,sensor
720575940620117670,0.00042403786911590044,sensor
720575940614416039,2.1578472658904836e-05,sensor
720575940622018217,0.0015733680337992654,sensor
720575940627097274,0.000102386986540648,sensor
720575940619822784,0.002502923347648079,inter
720575940621231809,8.892445867235784e-07,sensor
720575940610320067,6.669334400426838e-07,sensor
720575940607272649,0.0004479209673287306,motor
720575940632045263,3.326063663242014e-05,sensor
720575940613629649,0.0002444739800682177,sensor
720575940614907601,2.8836137629655038e-05,sensor
720575940609959637,0.001267630062239082,inter
720575940608845525,0.0004432783934137108,sensor
720575940611696346,0.0010249287786302595,sensor
720575940632962786,5.835667600373483e-06,motor
720575940613531365,7.562866416407834e-05,sensor
720575940624770791,3.368569650082255e-05,sensor
720575940629358321,0.00010939455147138221,inter
720575940629980931,3.268529634075853e-05,sensor
720575940625000200,0.004205496927334825,sensor
720575940629948176,5.065359477124184e-05,sensor
720575940629817104,0.0007385637034996777,motor
720575940617955099,7.237423588964206e-05,inter
720575940618774301,5.7334838697383716e-05,sensor
720575940626376478,0.00017991402910370495,inter
720575940645906211,6.669334400426838e-07,sensor
720575940631095084,3.573731079733481e-05,sensor
720575940619134789,0.0012550049601370132,inter
720575940616873821,0.00027853895285868073,sensor
720575940623132510,1.2571695344804588e-05,sensor
720575940628834151,9.114757013916679e-06,motor
720575940640270195,2.1836512382730868e-05,sensor
720575940659799937,0.0,sensor
720575940615432098,5.046463029656307e-05,sensor
720575940640827299,0.0,sensor
720575940632602532,0.00023461051087101512,sensor
720575940606388146,0.0001599973322662398,sensor
720575940622313398,0.007765940588319546,sensor
720575940625098679,0.0010183814074935739,sensor
720575940625622968,0.0011812225130552459,motor
720575940606584766,0.0004971393319232459,sensor
720575940620871616,4.2861589080076475e-05,sensor
720575940622673860,0.0008757360531070014,inter
720575940624017357,1.4974243665720255e-05,sensor
720575940623132621,0.00015129543881044484,motor
720575940629456860,0.0014587213432751649,sensor
720575940630964188,6.56558919864242e-05,motor
720575940624705514,0.0004933039353307462,motor
720575940625033196,0.0011245570137626963,sensor
720575940623820787,0.0002706259752578279,motor
720575940623788040,0.0009022996237381986,sensor
720575940615301132,0.00015585705181543518,sensor
720575940631062543,2.7010804321728697e-05,inter
720575940627949589,0.00011855853452492111,motor
720575940631586858,0.002739745355166525,sensor
720575940630571052,8.262987734776452e-05,sensor
720575940625852464,0.0005004062471549466,motor
720575940615989298,0.0003955248766173136,sensor
720575940647938100,0.00030821294913888477,sensor
720575940627949626,3.7737317149081846e-05,motor
720575940630439996,4.2539237917389187e-05,sensor
720575940622084161,0.0001530072346398877,sensor
720575940618184773,0.0007684345651532527,inter
720575940639123544,0.0014246362566190498,motor
720575940638009434,0.0012716291230881274,motor
720575940621461598,7.773903212078483e-05,sensor
720575940631423116,0.00030739174346617324,sensor
720575940626901136,0.00021235345990247955,motor
720575940611139733,0.0002643086335063125,inter
720575940624902296,0.0,sensor
720575940618807454,0.007119250153163726,motor
720575940612941991,0.000280891553350537,sensor
720575940622182569,0.0004277134134076912,inter
720575940621297835,4.001600640256103e-06,sensor
720575940621068464,0.0005290076347999521,motor
720575940620609739,0.003279574528223988,sensor
720575940631914700,0.000714423335471755,inter
720575940611008718,0.0,motor
720575940611958994,0.0024474916543744084,motor
720575940630407388,0.0001609474813974005,sensor
720575940602718432,0.0005538086215357125,inter
720575940623689959,7.759214797029923e-05,sensor
720575940620544239,0.00039844985613292946,sensor
720575940651804918,0.0007817264471926335,inter
720575940636502264,0.00022551083925633744,sensor
720575940628998396,3.306401925849705e-05,sensor
720575940623067389,5.6305350422997494e-05,sensor
720575940629981440,0.0003363162725407623,sensor
720575940627949834,8.326293480355106e-05,sensor
720575940617431325,2.5560224089635854e-05,sensor
720575940620380449,6.669334400426838e-07,motor
720575940633192751,0.0010458534664467031,sensor
720575940645972276,0.0016131103234944771,inter
720575940615629115,0.0005887142774506418,sensor
720575940627327294,0.00020185375737596633,sensor
720575940631619921,0.0002874552418369945,sensor
720575940617005398,6.039789653235032e-06,sensor
720575940606585190,0.0007059197656936755,sensor
720575940631619944,1.1393446267395848e-05,sensor
720575940614416746,3.681472589035615e-05,inter
720575940631259510,0.0,sensor
720575940609665400,0.00020606602429331516,inter
720575940624017800,0.0007130770297537006,sensor
720575940622838154,0.0008538285684644227,inter
720575940620183973,0.00023841626597729038,inter
720575940623133097,0.0008925022871101303,sensor
720575940637321646,0.000871816451448304,inter
720575940625787320,3.0895691609977324e-05,sensor
720575940626672058,0.001779864062026928,motor
720575940624181700,0.0009652167338241763,sensor
720575940629948869,4.9458407701705024e-05,inter
720575940607764937,0.00019311798793591512,sensor
720575940618021332,7.033554162405702e-05,sensor
720575940630243804,0.00029018689282794927,inter
720575940629064186,0.0004430232410424487,sensor
720575940625328648,4.0356883494138394e-05,sensor
720575940609141257,0.0013497523347963524,sensor
720575940624706062,0.0020316045504963193,inter
720575940625099278,0.0006229261545888198,motor
720575940632504874,0.0008889602016852914,sensor
720575940613958194,9.448223733938019e-07,motor
720575940646234676,5.163811556368578e-05,sensor
720575940632308281,2.0574896625316792e-05,sensor
720575940618152507,8.114356853852653e-06,sensor
720575940640467517,8.176255850325475e-05,sensor
720575940626115134,0.0007027921872859853,sensor
720575940639156799,0.00018714787502302504,sensor
720575940639124029,6.596106456050434e-05,inter
720575940624902729,0.00038464115805052185,inter
720575940620020315,3.545307011693567e-05,inter
720575940621298270,3.26979546928396e-05,sensor
720575940606421606,0.0009422853945663068,sensor
720575940629293671,0.0,sensor
720575940620642940,0.0008676325027365448,motor
720575940627098249,0.0005404960926169409,motor
720575940627327625,7.41296518607443e-05,sensor
720575940624411283,0.0006205593348450493,sensor
720575940625689236,0.0006221767280190654,sensor
720575940612418201,0.00015511459328986342,sensor
720575940635355804,0.0028517594461472005,motor
720575940621724326,0.0,sensor
720575940637420206,2.3855838631748997e-05,sensor
720575940613139123,1.6339869281045753e-06,sensor
720575940621429440,2.225334578275755e-05,sensor
720575940630309591,0.0001322243664180439,motor
720575940631161570,1.536434679691983e-05,sensor
720575940631522043,0.00015367258014316838,sensor
720575940614810366,3.222400071139568e-05,sensor
720575940624280328,0.00045667875134661846,motor
720575940628933392,4.143403393103274e-05,sensor
720575940622183194,0.00015495351579785353,motor
720575940645579556,5.244319950202303e-05,sensor
720575940629490476,0.0009236242115893973,motor
720575940623166284,0.00029975244065880315,inter
720575940629752655,0.002230890198977435,sensor
720575940628343634,2.1968335193625305e-05,sensor
720575940622314339,4.9715124144896065e-05,sensor
720575940620610420,2.3842870481525945e-05,inter
720575940649577337,0.00011333301170975374,inter
720575940619856763,9.752419486313046e-05,sensor
720575940626246525,0.0005071708170447668,inter
720575940644465568,0.004235209514671298,sensor
720575940640926627,0.0016130290740634884,inter
720575940632308644,0.0005765634296046463,inter
720575940620512176,0.00032248322609467064,inter
720575940623887288,0.0005585117644941576,sensor
720575940615924667,8.949849781182314e-05,inter
720575940635945919,5.803988261971455e-05,sensor
720575940612418510,6.01907429638522e-05,sensor
720575940617399257,0.0010364220002575344,motor
720575940613139418,0.0017266980200153475,sensor
720575940616285151,0.00021460383095036958,motor
720575940633095137,0.0012389977830403998,motor
720575940625460203,4.93530745631586e-05,sensor
720575940614745069,0.00040019442120282456,sensor
720575940642040821,1.6308110545805623e-05,sensor
720575940617432065,7.910465773611032e-05,motor
720575940609600523,0.0008356697009658192,sensor
720575940632505359,0.0004102751471699052,sensor
720575940628212780,6.669334400426838e-07,sensor
720575940615171122,8.883553421368547e-05,sensor
720575940640140341,0.001409424840347209,inter
720575940626279486,0.000493521482667141,motor
720575940635913279,4.41811645293038e-05,sensor
720575940629883971,1.6562180427726645e-05,sensor
720575940633259089,0.00012128422797690504,sensor
720575940633324627,0.001217396995058059,sensor
720575940620020827,0.0003762976089906862,motor
720575940635847775,0.00011519687239975357,inter
720575940635028591,0.0019790793403238376,motor
720575940610157688,0.00011984611064242917,sensor
720575940628343941,0.0003495032933808443,sensor
720575940625656980,0.0016918165053419153,inter
720575940620020894,3.429943405933802e-06,sensor
720575940618284190,0.000543990636177511,sensor
720575940614581410,0.00043959753213454705,motor
720575940633062564,6.307761199717983e-05,sensor
720575940620971174,2.5232315148281534e-06,motor
720575940613303471,0.0006090293260161209,sensor
720575940622281904,0.00040290745928000843,sensor
720575940603636913,0.0001236772486772487,sensor
720575940635552948,0.0008056954798694975,motor
720575940622773444,0.000598624899695328,inter
720575940607765705,0.0,sensor
720575940625558730,9.574941087546132e-05,motor
720575940612418766,0.0,sensor
720575940613336287,2.2786892534791697e-06,sensor
720575940637388004,0.003390266936685506,motor
720575940624313578,0.0002688570137049528,sensor
720575940620119279,0.00013318819591328596,motor
720575940625132797,0.0010330428708279847,inter
720575940616842508,2.5576897425636923e-05,sensor
720575940623166733,0.00038609067965810666,motor
720575940631293202,0.002591703869817748,motor
720575940632472850,0.0012917217151410829,motor
720575940631129362,0.00013323477539163814,sensor
720575940627852563,0.0013844107628621434,sensor
720575940616908082,0.0,sensor
720575940615990578,0.00048302923863147976,sensor
720575940638928191,0.0012859477364779482,sensor
720575940632833347,0.0002286729747213941,sensor
720575940628802888,0.00036052862703522977,inter
720575940628573519,0.0008888190502086062,sensor
720575940619332944,8.147703525854785e-05,motor
720575940617825620,0.002047764086579612,inter
720575940631620951,8.213285314125651e-05,sensor
720575940638403928,0.000583941272516703,motor
720575940638764403,0.0005434736572691761,inter
720575940637126007,0.0013483940112841673,motor
720575940606946690,5.2098617224667645e-05,sensor
720575940628082053,0.003455665912348587,sensor
720575940626738565,0.0009189054169046163,motor
720575940616908177,4.649425907929309e-05,sensor
720575940624477587,0.000309150909040865,sensor
720575940615892374,0.0011673577078739148,inter
720575940614352278,0.00019888775616066535,motor
720575940625493400,2.4454226134898405e-06,sensor
720575940620283307,4.08793146888385e-05,inter
720575940634144180,0.0001310836503913735,motor
720575940616449465,0.00011022874758368958,sensor
720575940627099066,0.0008258083656743126,inter
720575940617203131,0.0003941793988247352,sensor
720575940608552405,2.334267040149393e-06,sensor
720575940617792985,0.0002791607503992457,sensor
720575940641648091,0.00015636863210892823,motor
720575940629229020,1.4134225118618878e-05,sensor
720575940614614495,0.006589939122502153,sensor
720575940624313834,0.0033921816080929746,sensor
720575940622872042,4.157218442932729e-06,inter
720575940620021231,2.1582707156936843e-05,sensor
720575940625165821,1.5684051398337112e-05,sensor
720575940626378242,0.0002777518414773316,sensor
720575940628442628,0.0003465227360785584,sensor
720575940607667723,0.000997698012155969,sensor
720575940630703631,2.556578186830288e-06,sensor
720575940628540945,0.0003466251579997078,sensor
720575940626083356,0.0005931108910800791,inter
720575940619071005,3.668133920234761e-06,sensor
720575940618284578,6.667852326115632e-05,sensor
720575940616613435,0.00013165901281147395,sensor
720575940638633535,8.467143471145072e-06,sensor
720575940632211015,0.0006835112351819034,inter
720575940627033672,0.0006634166894270942,sensor
720575940632014411,0.00034784046867140965,sensor
720575940626968146,1.0115157173980703e-05,sensor
720575940624739929,6.997984378936759e-05,inter
720575940607536732,9.621996946926921e-05,motor
720575940632669800,0.004685698040640014,sensor
720575940632768104,6.588449750714656e-05,sensor
720575940621921901,0.000479436611933089,sensor
720575940640763507,0.0020425445791592252,motor
720575940610584184,0.0019559466310666803,inter
720575940611829368,0.0001109073258933203,sensor
720575940618514043,0.0001083270609831234,motor
720575940608028290,5.573022859937627e-05,sensor
720575940621659782,1.4561380107598598e-05,sensor
720575940624346760,0.0006949184435679033,sensor
720575940624019082,0.0,sensor
720575940636241550,0.0001716441053425847,sensor
720575940613238418,0.0009734698112049049,sensor
720575940643188384,0.00024047396736472356,sensor
720575940613598887,2.5428689994516328e-05,inter
720575940622184105,0.00030781702711344126,motor
720575940612943539,0.0,motor
720575940620512950,0.0011217463897535925,sensor
720575940622577336,4.700769196567516e-05,sensor
720575940626869946,0.0031553465301464513,sensor
720575940627099322,0.0008527074758567356,sensor
720575940627427015,0.00011504945893701395,sensor
720575940627099338,0.0003160072229950181,motor
720575940626968266,6.137454981992796e-05,inter
720575940618088153,1.786270063580988e-05,sensor
720575940613140186,0.0001888977813347562,sensor
720575940634734305,0.0,sensor
720575940634111714,6.807763475648021e-05,sensor
720575940623855338,0.00010462280150155301,sensor
720575940620807919,8.058779067182429e-06,sensor
720575940613369586,1.139344626739585e-05,inter
720575940639813365,2.7539587263476823e-05,sensor
720575940636471032,0.002978200780071529,sensor
720575940630966016,0.0002551163322471846,sensor
720575940630605583,4.223911786936997e-06,sensor
720575940629884688,0.0002357498554977545,sensor
720575940632407826,0.00013937320960130084,motor
720575940617760539,2.2675736961451248e-05,motor
720575940619038493,0.0018967625770847055,motor
720575940624248614,3.871178100869978e-05,sensor
720575940629327659,0.002064190226355092,sensor
720575940617727793,0.0005017959564778292,sensor
720575940615073587,2.63168759567319e-05,sensor
720575940630146871,0.00019205191234002755,inter
720575940627033918,0.0003631688381675334,sensor
720575940615663426,0.00016417619763305866,sensor
720575940629294922,0.0002769711780816223,sensor
720575940628016983,0.000172203802155783,motor
720575940627787609,4.863056333644569e-06,motor
720575940612321122,0.001528636057597642,sensor
720575940629426025,0.000660844844387827,motor
720575940634210155,1.9463340891912324e-05,motor
720575940630114156,2.1926230809784232e-05,motor
720575940612976497,0.012479805775123915,sensor
720575940611633010,0.002499533772142817,sensor
720575940650758009,0.0001149597405099606,sensor
720575940622348156,0.00040481464526345647,sensor
720575940620873607,3.112356053532524e-06,sensor
720575940624281480,4.0932245914238714e-05,sensor
720575940627263375,2.183095460406385e-05,sensor
720575940630146971,0.00020480731975329813,sensor
720575940644237216,0.0003165180213499539,sensor
720575940622053286,3.056778266862301e-06,sensor
720575940604653484,0.0003346362354465594,motor
720575940615139247,7.481325863678806e-05,sensor
720575940606685129,0.0002700961336915717,sensor
720575940619530187,0.000106111492215934,motor
720575940641583056,0.00025881829081369763,sensor
720575940611403730,0.0,motor
720575940616286175,0.000105914319860768,sensor
720575940613631973,0.0007296423373723861,sensor
720575940623953900,0.0009904506035958614,inter
720575940612354034,0.0002836687585086944,motor
720575940625952755,0.007517678403732827,sensor
720575940620840948,0.0007444422213329779,motor
720575940621365236,0.0009747319322149254,inter
720575940636307448,5.108710150726957e-05,sensor
720575940629786624,0.0004637813037672983,motor
720575940630409216,2.0008003201280513e-06,sensor
720575940625362952,2.5776977457649727e-05,sensor
720575940608716809,0.00025256081091458714,motor
720575940623888397,0.0048839475887295005,sensor
720575940627558421,0.00011036901533100014,inter
720575940622839834,0.0004183932832392216,sensor
720575940618940443,0.00014594409192248325,sensor
720575940624969765,0.0004322951402783336,motor
720575940624085030,9.559379307278467e-06,sensor
720575940624445478,0.00010386456169769494,sensor
720575940622217281,0.0001757059966843881,sensor
720575940620873793,0.0008878188841674236,motor
720575940608028740,7.016139789249034e-05,motor
720575940621070430,0.00013400439540895724,motor
720575940634144875,4.653713337186727e-06,sensor
720575940621103239,0.00028790966405142516,sensor
720575940617629841,0.0004967243511161081,motor
720575940625658004,3.8962169764490704e-05,sensor
720575940610191509,0.0005205214360876625,sensor
720575940625395864,0.0006956581574428715,sensor
720575940628902043,0.0002464948942539978,inter
720575940619071646,0.00016742887631242975,sensor
720575940620054694,0.002375689092375767,sensor
720575940612518055,6.621934488080946e-05,sensor
720575940615139503,0.00040934597282136294,sensor
720575940621365440,0.0012536062043865168,sensor
720575940620349633,0.0008423806992734566,inter
720575940611502286,0.00031423702977324423,motor
720575940613992657,7.336267840469522e-07,inter
720575940623233238,0.000144620811287478,motor
720575940631261399,0.0008147227144826185,sensor
720575940620677336,0.0002478176455767492,sensor
720575940641812699,0.000116307634164777,sensor
720575940615303391,0.00034208445282875067,sensor
720575940633293025,3.773731714908186e-05,motor
720575940633030882,0.00032440780545022244,inter
720575940612714723,0.00027244151628905535,sensor
720575940625527020,1.7595927259792804e-05,sensor
720575940621398254,0.0010070079427421026,sensor
720575940632047890,6.962573389144017e-05,motor
720575940633227545,0.0003879157483099059,inter
720575940627493148,0.0013739107683207058,motor
720575940622676257,5.1353874883286654e-05,sensor
720575940629328172,0.00020186487293330027,inter
720575940630868281,1.6284291494375528e-05,motor
720575940626805054,3.946578631452581e-05,sensor
720575940610978116,6.3580987950735844e-06,sensor
720575940619432261,0.0005371564425656653,motor
720575940611076420,3.995831136687481e-05,sensor
720575940617826629,0.00022685928628305587,sensor
720575940610617668,0.00025090591792272464,motor
720575940624806217,4.048285981059091e-05,sensor
720575940619661648,9.948423813970033e-06,sensor
720575940627657049,0.00010741280639239823,sensor
720575940626510169,0.0007996119397179823,inter
720575940621529435,4.668534080298786e-07,sensor
720575940623167838,0.0010017345562563645,sensor
720575940636111199,6.1010382989174514e-05,sensor
720575940635128160,2.667733760170735e-06,sensor
720575940630770042,5.430743726061854e-06,sensor
720575940625691024,7.703637010359698e-05,sensor
720575940613501337,0.004307074417068415,motor
720575940644237728,0.0,sensor
720575940621627819,0.00010425545879727556,inter
720575940605309361,0.00015865949554424942,sensor
720575940606980529,0.00018073102256775723,sensor
720575940618318265,0.00033037341920895343,sensor
720575940626477498,3.845982837579477e-05,sensor
720575940618547641,0.0007589840409468261,inter
720575940614189499,0.0004601518096416056,sensor
720575940640141757,0.0003608764629172793,sensor
720575940607635913,0.002412467688077932,sensor
720575940609667538,9.075746700796724e-05,sensor
720575940630311383,0.013225334540335547,motor
720575940611830245,0.000511904761904762,sensor
720575940639453685,0.00018727573539498312,sensor
720575940615827980,8.219478267497476e-05,sensor
720575940629885456,6.691639866649001e-07,sensor
720575940628181520,1.9663420923925125e-05,sensor
720575940623725080,1.636210039571384e-05,sensor
720575940627493406,0.001654077504017481,sensor
720575940614681128,4.173415397905194e-05,motor
720575940640338485,0.000682146564629993,sensor
720575940626248250,0.00020276893826313587,inter
720575940617499205,0.0007312819307617225,inter
720575940631917131,0.00020830025131745824,sensor
720575940632080977,0.005718310628724791,inter
720575940629787223,0.00032716261107617646,sensor
720575940621562459,9.892846027299808e-06,sensor
720575940606653030,0.0001316137566137567,sensor
720575940612780657,1.8774176337201548e-05,sensor
720575940634571383,0.0008788142241023393,motor
720575940627657341,0.003321701696551636,sensor
720575940658655873,0.000174684953346418,sensor
720575940632539788,0.00040353813483065185,motor
720575940623725204,0.0010810008855727143,inter
720575940644467360,0.0002690344598847131,motor
720575940621398721,0.0001221615630379136,sensor
720575940630770370,0.0001604231639745846,sensor
720575940621759169,0.0007707445868180745,sensor
720575940614058719,5.9153026289881047e-05,sensor
720575940634637026,0.0003480209544135116,sensor
720575940612682467,0.0001903020467446238,motor
720575940636209897,0.0008293433775626654,sensor
720575940625691372,0.0014166206165005678,motor
720575940611207922,0.0002773154235239069,sensor
720575940627690246,2.5992241139169475e-05,sensor
720575940629459718,0.0016677901319257866,motor
720575940605702944,0.0004707324321670062,motor
720575940642894628,0.00020815733700887758,motor
720575940628443962,0.011198738510463203,sensor
720575940631098172,3.435041798213154e-05,sensor
720575940639126335,0.0003245892374043634,sensor
720575940614714178,2.8408188672294315e-06,sensor
720575940631032657,0.0002732677727175526,sensor
720575940627854162,0.00012190590521923055,sensor
720575940627198809,0.0024524508215984816,sensor
720575940631982952,0.002500307554479223,motor
720575940638077811,0.00011616313191943446,motor
720575940620546940,0.00011543823878757851,sensor
720575940633228172,1.6673336001067094e-06,motor
720575940641977229,0.0004607965360266281,inter
720575940615271314,4.081632653061225e-05,sensor
720575940635685786,0.0,sensor
720575940620153765,0.001459367063508721,motor
720575940605899692,0.00708854298185031,sensor
720575940607800242,0.0004198484521048329,sensor
720575940606391218,1.8418478502512118e-05,motor
720575940627100602,0.00012133001348687624,sensor
720575940609340355,6.824502287687563e-05,inter
720575940614157254,3.937130407718643e-05,sensor
720575940615271377,0.0003288931974906364,sensor
720575940611666898,0.0020801066051166087,inter
720575940623528925,1.8340669601173805e-06,sensor
720575940613632997,0.0009681454592418978,motor
720575940625363947,0.0,sensor
720575940640830453,0.0005152587598776779,sensor
720575940652659702,0.00022658587244421576,sensor
720575940627297284,0.0004050135927386829,inter
720575940628706325,0.0013157406300663601,inter
720575940617991195,0.006245741466379723,motor
720575940608422958,0.00011337259771633518,sensor
720575940632900665,0.0016130293387196155,motor
720575940617303099,0.00017810536913177974,motor
720575940626609234,0.00022936105659194882,sensor
720575940607439964,0.0005036800101325911,sensor
720575940622054497,0.00011945796837253422,sensor
720575940630705256,0.0001090380596683118,sensor
720575940635489387,0.00022304239155979846,sensor
720575940619531373,4.1823078437724295e-05,sensor
720575940636832879,0.0016090060344262024,inter
720575940637291639,0.0001804785406225982,sensor
720575940637226103,0.0002991259996061917,sensor
720575940619990139,2.0008003201280513e-06,sensor
720575940620842111,0.0002564171171113949,motor
720575940622906515,0.0003240196030312077,sensor
720575940656067745,2.945622693521853e-06,sensor
720575940621628582,0.0006341904486662391,motor
720575940628804776,0.0002324940558233876,sensor
720575940621071536,0.0004786289363120096,inter
720575940606751922,2.2062793371316783e-05,sensor
720575940619695296,0.0001200480192076831,sensor
720575940641486032,5.413435215355984e-05,sensor
720575940641223888,3.230736739140101e-05,sensor
720575940632868051,7.914276821839847e-06,motor
720575940620678360,0.0012458920075966897,inter
720575940618253529,9.559379307278467e-06,sensor
720575940623234269,9.249996294814221e-05,sensor
720575940625626348,0.00014853719265483972,sensor
720575940627035388,9.1948948891726e-05,sensor
720575940614386942,0.0001038521228597259,inter
720575940623004933,3.0151413965809287e-05,sensor
720575940645778711,4.8304080351682004e-05,sensor
720575940623037720,1.6728913787737318e-05,motor
720575940631131436,0.0004057755617879669,inter
720575940609799470,0.0034499146367393697,motor
720575940614649139,0.00013168786032931692,sensor
720575940640372021,0.0,sensor
720575940609406276,0.00010336039177575791,sensor
720575940619138373,0.0005583823476480543,sensor
720575940632311115,0.0003134550116342832,motor
720575940623463756,0.0008200094852755918,sensor
720575940622054753,0.0018613108407684142,motor
720575940628641127,0.001586419488430292,motor
720575940640470387,0.0002989695878351339,sensor
720575940649809273,0.0001740934469025705,motor
720575940618089851,0.0003720847627910454,inter
720575940623463804,0.0002515752332679103,sensor
720575940658525569,0.0001503699363343221,sensor
720575940627133827,3.001200480192077e-06,sensor
720575940627101059,0.00018197914086269426,sensor
720575940632606092,0.00010341941009207914,sensor
720575940643255693,0.0012067750621171992,sensor
720575940625102224,0.01713072880399547,inter
720575940629067163,3.085837509607017e-05,inter
720575940632409500,4.9327667574966495e-05,sensor
720575940619695518,0.0,sensor
720575940620711334,0.0002363133324517878,motor
720575940617205179,0.00016255896297913104,sensor
720575940626019772,0.0003183942889325041,sensor
720575940621694401,0.0002578261463315485,sensor
720575940620285400,2.0586012182650836e-05,sensor
720575940618253785,0.00027627135510288777,sensor
720575940628739560,9.28149037392735e-06,sensor
720575940624152051,0.0006771813199400957,motor
720575940653479414,5.891245387043706e-06,sensor
720575940630246905,2.106398114801476e-05,sensor
720575940623595021,0.0003665323966194315,sensor
720575940632507919,0.0001307919993394183,sensor
720575940629263888,0.00012665859994791568,motor
720575940644632087,0.0005174715629397505,inter
720575940626445852,0.004321780607569921,inter
720575940625856028,0.00021325064417301314,motor
720575940629853739,0.000866108877413399,sensor
720575940611372590,0.005026451417507839,sensor
720575940632573496,9.7413568602044e-05,sensor
720575940624741965,6.757411959492791e-05,inter
720575940618319444,0.0004310636953193978,sensor
720575940638668378,0.0,sensor
720575940638602842,0.0005637622773977317,sensor
720575940632835688,5.307588101575264e-05,sensor
720575940634506859,0.0003392127674449298,inter
720575940640175731,0.002344969765387934,sensor
720575940620678772,0.0006016922642072705,sensor
720575940630607478,9.899941217468232e-05,inter
720575940607407746,0.0,sensor
720575940620875399,2.1330754524031834e-05,sensor
720575940612847253,6.520472546883111e-05,sensor
720575940630148763,0.00019679347485469933,sensor
720575940652922529,0.00021012611393763853,sensor
720575940633556644,0.001185849592362197,sensor
720575940621334181,0.00013323080554973314,motor
720575940615141031,0.00015011906638557303,sensor
720575940611372714,0.00011661095414596818,sensor
720575940604458668,0.000352103275172503,motor
720575940635850414,6.736027744431106e-05,inter
720575940613240499,0.00010361128578415495,sensor
720575940611864243,0.00017749083760488328,motor
720575940623955637,9.552633089152961e-05,sensor
720575940624774839,0.0020802626004706843,sensor
720575940626085562,0.0011839775991088692,motor
720575940606621374,0.00028933873471688606,sensor
720575940612323025,0.0001479303602152742,sensor
720575940618286809,0.00022581413517788062,sensor
720575940625528556,0.0001976354033676963,sensor
720575940653577974,0.00017168007174009575,sensor
720575940631623417,0.00032412861729588414,sensor
720575940630771449,0.0001272850410005272,sensor
720575940623005445,0.0005282628924585708,sensor
720575940624447240,0.002605159788783239,motor
720575940628346634,0.0036477473930705186,inter
720575940647253795,7.114328451558997e-05,sensor
720575940624185129,0.0013552167139101912,sensor
720575940631721785,0.00022769901611438217,motor
720575940632475449,3.717836340885561e-05,sensor
720575940625561406,0.0016731484514847857,motor
720575940617467712,0.0001469587835134054,inter
720575940622186305,0.0009520040006234483,inter
720575940628805448,9.241787883244468e-05,inter
720575940621006672,0.0001193527916216992,sensor
720575940628346706,9.449710620178807e-05,sensor
720575940616320852,0.00012919585823747487,inter
720575940617631574,0.00022241041678816787,sensor
720575940621399899,0.0002940747727662493,motor
720575940621170526,0.0005055305190859416,motor
720575940610652002,0.0028450888532421145,motor
720575940627068772,0.0009425924912590164,sensor
720575940614059882,0.0001018415543225467,motor
720575940616124266,0.0,sensor
720575940610389873,1.2068319391248564e-06,sensor
720575940638668659,0.00021149967923677406,sensor
720575940630607738,0.000744177589265625,motor
720575940661114753,0.0015102187950327205,sensor
720575940620023686,0.001383383512135013,sensor
720575940622186376,0.00016189809257036153,inter
720575940627756937,0.00012303810413054111,sensor
720575940633229196,0.0001953003423591659,sensor
720575940615698326,0.00010281919405568864,sensor
720575940635457431,2.4851210325400002e-06,sensor
720575940635359127,0.00013223305195093915,sensor
720575940630083483,4.001600640256103e-06,sensor
720575940621596587,2.6354986439020052e-05,sensor
720575940615042991,0.0008085858682097178,sensor
720575940623497141,0.0008588803246166193,inter
720575940622219190,0.0004861658949294004,inter
720575940625037239,0.0005003992217377576,sensor
720575940624250812,8.614556933884665e-06,sensor
720575940633294796,0.00021075255499025005,sensor
720575940623136717,0.0003227427093973711,sensor
720575940633589708,3.552055742932094e-05,sensor
720575940612487118,1.3861099995553773e-05,inter
720575940629428215,0.003438118397999407,motor
720575940630247418,0.0005316517734484922,inter
720575940624906237,3.0656707127295364e-05,sensor
720575940624676861,0.0001732550534680082,sensor
720575940627888144,0.0019071559840867563,inter
720575940621400084,0.00014024128169786432,inter
720575940626774037,0.0010430631756161968,inter
720575940631590943,0.00014588221791102943,sensor
720575940616976434,0.00013013724008121766,sensor
720575940631918649,0.0003545471098492307,motor
720575940624021577,0.0010201879693676416,motor
720575940619073620,0.0027460677392650195,sensor
720575940615043158,4.1631028373551476e-05,sensor
720575940618483805,1.0782090614023386e-05,sensor
720575940623595619,0.0,sensor
720575940611602552,0.0008001600592136813,inter
720575940626675837,0.0008930682977301624,sensor
720575940639193216,3.3857987639500244e-05,inter
720575940623333514,6.532771838894289e-05,inter
720575940614191250,0.00015357492203230502,sensor
720575940615043222,0.0005238012787532597,motor
720575940630247579,0.008936734596898666,sensor
720575940614912167,0.0004784434937996365,sensor
720575940624021687,0.00018288217162766985,sensor
720575940618451129,1.5144946867635943e-05,sensor
720575940626708666,0.0021651394152568558,sensor
720575940614944977,0.0004159322459142389,sensor
720575940613634257,6.357057873316551e-06,sensor
720575940618385620,0.0016634127917641325,sensor
720575940634638562,0.0002712740773965264,sensor
720575940636539108,9.834727541810374e-05,sensor
720575940624087283,1.0004001600640257e-05,motor
720575940636047608,0.0003103328633040518,sensor
720575940613798142,0.0001318606807802486,inter
720575940622579967,0.0002211241639512948,motor
720575940629494022,0.007832233709334549,sensor
720575940608293129,0.00018546704396044133,sensor
720575940626315541,0.00014693628774261027,sensor
720575940627429660,3.211337445030923e-05,sensor
720575940627167516,0.000566061874485244,motor
720575940629821740,0.0005696193821443922,motor
720575940616943922,9.581610421946558e-06,sensor
720575940618058048,0.0004230876042541889,motor
720575940616583490,0.0004034200981980095,sensor
720575940633327953,5.6828286870303674e-05,sensor
720575940622842206,4.246142901605087e-06,sensor
720575940610357602,0.00011776932995420392,sensor
720575940637456741,1.5617358054332846e-05,sensor
720575940605704550,0.000215731049514563,inter
720575940617632123,0.0003475099274919204,sensor
720575940637718912,0.0013277655674084825,motor
720575940630149531,3.259875378722917e-05,sensor
720575940621564329,0.0005317539714298418,inter
720575940612258218,7.735316348761726e-05,sensor
720575940618189227,0.0002846522206766305,inter
720575940624677303,0.0002287004748989543,sensor
720575940618451385,2.4743230625583575e-05,sensor
720575940615928251,2.0652705526655105e-05,inter
720575940638603709,0.0002807080504159336,inter
720575940629461442,0.0033565466331572794,motor
720575940610161091,0.000396117564760022,sensor
720575940632803795,0.00030712382633150937,sensor
720575940642142683,5.6517845233331433e-05,sensor
720575940630804956,0.0,sensor
720575940641585627,4.9675866524345036e-05,motor
720575940627069416,0.0009687792532930589,sensor
720575940653480438,0.0006236849477645799,motor
720575940617304577,6.246943221733137e-06,sensor
720575940623792648,3.4003355549365265e-05,sensor
720575940624054792,0.0009754779090013186,inter
720575940628642320,0.002310900598815764,motor
720575940627429907,0.00015712615123881127,motor
720575940619237908,6.3025210084033615e-06,sensor
720575940624579100,1.0856194329583686e-05,sensor
720575940613339688,0.0031470760261776685,inter
720575940614224424,2.8981963155632624e-05,sensor
720575940628314667,0.00040511919053335625,inter
720575940631099948,0.00011615102991653617,sensor
720575940628609579,0.00018867070637778924,inter
720575940629559851,0.00023895669378862656,sensor
720575940632902200,0.0001793712193872258,sensor
720575940610357858,0.0007839360611969649,sensor
720575940616551029,0.003004350152759517,motor
720575940629985910,0.00048006092768997945,sensor
720575940617337461,0.0012096414878527719,motor
720575940630674038,3.34467120181406e-05,motor
720575940649187961,0.0001835369068262226,sensor
720575940630182526,5.900137832910943e-05,sensor
720575940619991679,0.0,sensor
720575940633197196,0.000286299440411085,sensor
720575940626184848,0.0003204485497902864,sensor
720575940618451601,8.527458602488614e-05,sensor
720575940625332884,0.00020465170195062155,sensor
720575940613307033,0.0003797129963096349,motor
720575940634966708,9.398997694315822e-06,sensor
720575940616583865,5.9496814598855405e-05,inter
720575940603804350,0.0001407880612562486,inter
720575940605508286,0.00020041349873282647,sensor
720575940610292430,0.0011931766509097443,sensor
720575940630379223,3.7859588279756354e-05,motor
720575940613339875,0.0006052516244593078,motor
720575940624382695,0.0005346254904078034,inter
720575940624972523,9.130742598042563e-05,inter
720575940612815597,2.112327651238868e-05,sensor
720575940631231225,0.00012882004653713344,sensor
720575940625038090,0.00020882090209821302,sensor
720575940623072013,0.0025304251330161716,inter
720575940628642576,0.0004677569440474605,motor
720575940627069712,0.00017158133094507646,sensor
720575940626938645,0.0003737614093256349,motor
720575940618648349,1.8959646288838835e-06,sensor
720575940627692318,0.0006590850625964673,inter
720575940624349993,0.000484782537353566,inter
720575940617009970,0.0008538134423488564,motor
720575940619991862,0.0014894968569438356,sensor
720575940628446010,0.001056709985581534,motor
720575940616026939,0.00011571559840867562,sensor
720575940631526215,0.00046458076515099327,sensor
720575940632935249,0.00043630761587944465,sensor
720575940633656147,0.00020222692251503776,sensor
720575940619041620,0.0001737101911954462,sensor
720575940628478823,0.0003108212556491868,inter
720575940636310379,2.4754346182917612e-05,sensor
720575940636343147,5.752300920368147e-05,inter
720575940623334268,1.5006002400960385e-05,sensor
720575940627233667,2.134187008136588e-06,sensor
720575940627463043,6.118955518715422e-05,inter
720575940621499270,6.669334400426838e-06,sensor
720575940643289997,0.00010327969571667052,sensor
720575940633787309,0.0007171173183077946,inter
720575940606852018,0.0004198864731077616,motor
720575940620975040,9.337068160597574e-06,motor
720575940609407939,0.0012080331318526593,motor
720575940611505102,0.00023122185382089345,inter
720575940640111568,0.00018856994457234556,inter
720575940630641655,1.9252145302565476e-05,sensor
720575940631362553,0.0002410408607887599,sensor
720575940624710653,0.0014235506371860908,inter
720575940625792014,0.0003161370368253121,sensor
720575940628053009,1.1139376385474828e-05,sensor
720575940620057626,0.002522506636502233,sensor
720575940617796642,0.00010453228910611865,inter
720575940618157110,0.00043750357285771455,inter
720575940611079236,0.0009667449619430415,sensor
720575940639128646,0.0008989095638255305,sensor
720575940632312907,0.00014433551198257083,sensor
720575940621007952,0.00015381496513949494,inter
720575940632804435,0.0026755375186188687,motor
720575940627725401,8.191609977324261e-05,sensor
720575940636245099,0.0009566889063687781,sensor
720575940629757036,0.0008558447188399175,inter
720575940630346860,0.0021356543098239767,motor
720575940646141038,0.00011819251510127859,sensor
720575940622056564,0.0006750815737453871,sensor
720575940621401222,0.0007392332594413427,motor
720575940621073543,2.4454226134898405e-06,sensor
720575940612488341,0.003353374442610138,motor
720575940643290272,0.002048254402891912,sensor
720575940623957173,0.0011260033113774603,inter
720575940622712004,0.00028625206696435184,sensor
720575940632607948,8.803521408563425e-06,motor
720575940623137997,2.5193129384806062e-05,sensor
720575940623432918,0.00023130204462737473,inter
720575940642602203,0.0001985318417891447,sensor
720575940631067868,0.0011057756558465206,inter
720575940624809195,1.661220043572985e-05,sensor
720575940630609146,0.00013548991024981422,sensor
720575940628970748,0.0004910924687335255,inter
720575940621925631,5.190561652276773e-05,sensor
720575940614716712,0.0,sensor
720575940620156209,3.896002845582678e-05,motor
720575940644961588,0.00013229577545303836,sensor
720575940625431870,0.001119963372358448,sensor
720575940628643144,0.00023528673133515064,sensor
720575940624121161,0.0010376356891963132,motor
720575940626185549,0.000315942634870206,sensor
720575940616486230,3.7583287283167235e-05,sensor
720575940621827419,4.6008639145894044e-05,sensor
720575940620418401,2.9248207219395694e-05,sensor
720575940628348265,0.0031222344939673976,inter
720575940626677097,0.0010131626965360462,inter
720575940618681709,2.0008003201280513e-06,sensor
720575940638113136,5.150843406145528e-05,sensor
720575940630183286,0.00011384742504690488,sensor
720575940623007100,0.0011328190246757677,motor
720575940606590338,7.452875330026189e-05,sensor
720575940623203720,0.0003818615469275733,sensor
720575940641553805,0.000120281975223952,sensor
720575940626906512,9.174706438612003e-05,inter
720575940617207185,3.7093990327457625e-05,sensor
720575940634803612,2.1164021164021164e-05,sensor
720575940643683744,0.00036280173445039395,inter
720575940614684066,9.603841536614647e-06,sensor
720575940622515625,6.1002178649237476e-05,sensor
720575940613668266,0.0002596854278026747,inter
720575940622581173,0.00015875080190806484,motor
720575940638637501,1.4350184518251745e-05,motor
720575940629560770,0.001902098525035934,sensor
720575940629102023,0.00023017699143149318,sensor
720575940631494099,0.00019190056975171025,motor
720575940618321364,0.000421805966623894,inter
720575940642602459,2.7716642212440535e-05,sensor
720575940623203805,0.001027291869128604,inter
720575940614815199,2.0921066839434187e-05,motor
720575940605607392,0.0005088982683020301,inter
720575940623564267,2.0074696545284783e-05,sensor
720575940630838775,0.0002693770629945099,sensor
720575940628315642,0.0002423503793051612,sensor
720575940629986816,0.0001411977489408462,inter
720575940622089761,6.808437660778595e-05,inter
720575940621762081,0.001123141344079719,sensor
720575940629855787,0.00043803314976784374,inter
720575940627529274,0.00011385665377262016,sensor
720575940625759821,2.7752370789585675e-05,sensor
720575940631821911,0.0010952893161796792,sensor
720575940622057057,9.114757013916679e-06,inter
720575940610621026,2.831688230847895e-05,motor
720575940636704357,0.000915230041030361,inter
720575940628577897,0.0,motor
720575940621860461,0.00015108053803531993,sensor
720575940643487342,0.00025675825885909925,motor
720575940636999280,0.001984596796871707,inter
720575940637687408,0.0003394032216061028,sensor
720575940638604915,0.00021261838068560763,sensor
720575940619042427,0.0005660523468646721,sensor
720575940622843530,0.0005217684957580918,motor
720575940635917966,0.0010144448906953907,motor
720575940624023188,7.978350070186803e-05,motor
720575940627758744,0.0002605963551211215,sensor
720575940613635737,0.009111589832947499,inter
720575940628709019,0.0005284990693654158,motor
720575940644306592,0.0035054852832463856,inter
720575940634017453,0.0008325719176559512,sensor
720575940622122672,0.00026034858387799563,sensor
720575940624678581,0.00020901997162501367,sensor
720575940627103418,2.1953225734738344e-05,sensor
720575940615798470,0.000279819335141464,motor
720575940633198284,7.52753482345319e-05,motor
720575940636737246,0.0005082236598343043,motor
720575940616290015,0.0004005031546047952,sensor
720575940605476576,0.0001924611114286985,sensor
720575940614291181,3.040740105566036e-05,motor
720575940620746478,0.0010002787310210278,motor
720575940613144306,0.00011851724816910894,sensor
720575940629135097,2.219459212256331e-05,sensor
720575940607999755,1.0559779467342493e-05,sensor
720575940632346386,1.6673336001067094e-06,sensor
720575940620353300,0.0021084916058405445,motor
720575940618190626,4.856386999244143e-05,sensor
720575940616159026,5.335467520341469e-06,sensor
720575940630773560,0.0019516944825068076,inter
720575940640112445,1.3338668800853676e-06,sensor
720575940619337536,0.0005978497901354,sensor
720575940619435845,5.338960981217885e-05,sensor
720575940629102410,2.0008003201280513e-06,sensor
720575940626120537,2.7292357724530596e-05,sensor
720575940622843747,0.0018434703422198421,inter
720575940604690278,0.0001299464230136499,sensor
720575940632772456,0.0003830294022370854,sensor
720575940637065071,0.001092137648710278,sensor
720575940612620145,8.137143746387444e-05,sensor
720575940623499132,0.014744639386446117,sensor
720575940625923965,0.00016700357391633905,inter
720575940618256273,0.0,sensor
720575940635983770,1.429143085805751e-06,sensor
720575940615307170,0.00019002124659387565,sensor
720575940621041573,0.00012262682850918146,sensor
720575940621270949,0.0,sensor
720575940605214636,0.0007611854265515733,motor
720575940619730870,0.0005926222340788164,sensor
720575940631723973,0.00046568818817718376,sensor
720575940630085583,0.00040486518969216385,sensor
720575940608098261,9.503801520608243e-06,inter
720575940611735514,0.0002474618875527065,motor
720575940612718563,0.0,motor
720575940625563623,0.0019135198646002965,motor
720575940623663084,2.5917774517214296e-05,motor
720575940620124143,0.005060800224087597,inter
720575940625956851,8.736962798587448e-05,sensor
720575940630839287,0.0005027135192701424,sensor
720575940635295736,0.0001293655028148826,inter
720575940629594106,0.002108148550425461,inter
720575940623433725,0.00011984185208474926,inter
