neuron_id,community,type
720575940627661820,0,sensor
720575940618237953,1,sensor
720575940624959496,1,sensor
720575940608038921,1,sensor
720575940615301132,1,sensor
720575940617086988,1,sensor
720575940627888144,1,inter
720575940631339026,1,sensor
720575940628318227,1,sensor
720575940628627477,1,sensor
720575940645134359,1,sensor
720575940624080920,1,sensor
720575940634978329,1,sensor
720575940622702618,1,sensor
720575940634890265,1,sensor
720575940632629273,1,sensor
720575940618993693,1,sensor
720575940627890206,1,sensor
720575940618940443,1,sensor
720575940605851680,1,sensor
720575940631590943,1,sensor
720575940644132900,1,sensor
720575940624969765,1,motor
720575940624445478,1,sensor
720575940614983720,1,sensor
720575940629844011,1,sensor
720575940629047340,1,sensor
720575940633892909,1,sensor
720575940632086573,1,sensor
720575940633112623,1,sensor
720575940631306284,1,sensor
720575940619962417,1,sensor
720575940615583794,1,sensor
720575940647938100,1,sensor
720575940627949626,1,motor
720575940618147899,1,sensor
720575940617476155,1,sensor
720575940615999547,1,sensor
720575940631255100,1,sensor
720575940638775359,1,sensor
720575940618041408,1,sensor
720575940619700288,1,sensor
720575940622217281,1,sensor
720575940621779009,1,sensor
720575940638720070,1,inter
720575940624021577,1,motor
720575940627843146,1,sensor
720575940632393803,1,sensor
720575940623343692,1,sensor
720575940624898125,1,sensor
720575940623444044,1,sensor
720575940623345740,1,sensor
720575940618819668,1,sensor
720575940619073620,1,sensor
720575940631732311,1,sensor
720575940640641112,1,sensor
720575940640856152,1,sensor
720575940620656731,1,motor
720575940621070430,1,motor
720575940635517024,1,sensor
720575940619249761,1,sensor
720575940612116578,1,sensor
720575940611772514,1,sensor
720575940632203368,1,sensor
720575940628523113,1,sensor
720575940631584876,1,sensor
720575940646420590,1,sensor
720575940613841010,1,sensor
720575940613455986,1,sensor
720575940612730997,1,sensor
720575940635283575,1,sensor
720575940629766266,1,motor
720575940619880571,1,sensor
720575940627581053,1,sensor
720575940630290558,1,sensor
720575940640716928,1,sensor
720575940627519619,1,sensor
720575940621103239,1,sensor
720575940623499400,1,sensor
720575940624261256,1,sensor
720575940633176204,1,sensor
720575940622037139,1,sensor
720575940625617044,1,sensor
720575940622684308,1,sensor
720575940625658004,1,sensor
720575940613986454,1,sensor
720575940635891866,1,sensor
720575940655112353,1,sensor
720575940640352419,1,sensor
720575940620054694,1,sensor
720575940614912167,1,sensor
720575940612518055,1,sensor
720575940634007725,1,sensor
720575940622162096,1,sensor
720575940606767281,1,sensor
720575940612374707,1,sensor
720575940623546549,1,sensor
720575940622201014,1,sensor
720575940624021687,1,sensor
720575940618451129,1,sensor
720575940626708666,1,sensor
720575940615127227,1,sensor
720575940610414787,1,sensor
720575940624203972,1,sensor
720575940622745796,1,inter
720575940616804550,1,sensor
720575940626335943,1,sensor
720575940615934150,1,sensor
720575940626665674,1,sensor
720575940632809683,1,motor
720575940618082516,1,sensor
720575940631261399,1,sensor
720575940629418199,1,motor
720575940612645082,1,sensor
720575940612894938,1,sensor
720575940631343324,1,sensor
720575940623605981,1,sensor
720575940615903455,1,sensor
720575940614363363,1,sensor
720575940636539108,1,sensor
720575940618498278,1,sensor
720575940626847976,1,sensor
720575940625527020,1,sensor
720575940629174513,1,sensor
720575940613255410,1,sensor
720575940651192566,1,sensor
720575940635154680,1,sensor
720575940628623612,1,sensor
720575940622745853,1,sensor
720575940625031426,1,sensor
720575940624566535,1,sensor
720575940609476873,1,sensor
720575940609628427,1,sensor
720575940607064331,1,sensor
720575940616470796,1,sensor
720575940615149836,1,sensor
720575940629502224,1,sensor
720575940628455697,1,sensor
720575940628535569,1,sensor
720575940628177171,1,sensor
720575940626315541,1,sensor
720575940642724119,1,sensor
720575940623696152,1,sensor
720575940623042842,1,sensor
720575940604281120,1,sensor
720575940618031394,1,motor
720575940645568804,1,sensor
720575940630716716,1,sensor
720575940620624177,1,inter
720575940616943922,1,sensor
720575940638349621,1,motor
720575940631343416,1,sensor
720575940630427961,1,sensor
720575940618135867,1,sensor
720575940616298816,1,sensor
720575940619637056,1,sensor
720575940613984578,1,sensor
720575940630937923,1,sensor
720575940611076420,1,sensor
720575940610978116,1,sensor
720575940639285574,1,sensor
720575940639658310,1,sensor
720575940609063236,1,sensor
720575940619432261,1,motor
720575940617593157,1,motor
720575940629320010,1,sensor
720575940640119118,1,sensor
720575940626626895,1,sensor
720575940618359120,1,sensor
720575940633626963,1,sensor
720575940618127700,1,sensor
720575940617005398,1,sensor
720575940627657049,1,sensor
720575940627669337,1,sensor
720575940621615451,1,sensor
720575940609298780,1,sensor
720575940618070365,1,sensor
720575940623167838,1,sensor
720575940636111199,1,sensor
720575940635509088,1,sensor
720575940632490336,1,sensor
720575940621961569,1,sensor
720575940622893411,1,sensor
720575940637456741,1,sensor
720575940606585190,1,sensor
720575940637532517,1,sensor
720575940606179686,1,motor
720575940630385000,1,sensor
720575940628975980,1,sensor
720575940612860273,1,sensor
720575940622193012,1,sensor
720575940631259510,1,sensor
720575940611854712,1,sensor
720575940650752377,1,sensor
720575940617632123,1,sensor
720575940641194368,1,sensor
720575940660932993,1,sensor
720575940648552836,1,sensor
720575940619731334,1,sensor
720575940624331144,1,sensor
720575940632682892,1,sensor
720575940635183502,1,sensor
720575940617316753,1,sensor
720575940613693842,1,sensor
720575940615278994,1,sensor
720575940615391638,1,sensor
720575940634685852,1,sensor
720575940615274914,1,sensor
720575940621607334,1,sensor
720575940622037414,1,sensor
720575940628699560,1,sensor
720575940623133097,1,sensor
720575940620173737,1,inter
720575940618717611,1,sensor
720575940621564329,1,inter
720575940614314415,1,sensor
720575940606980529,1,sensor
720575940608037298,1,sensor
720575940624677303,1,sensor
720575940625873336,1,sensor
720575940618318265,1,sensor
720575940626309562,1,sensor
720575940614189499,1,sensor
720575940628324802,1,sensor
720575940624181700,1,sensor
720575940627175879,1,sensor
720575940607635913,1,sensor
720575940607764937,1,sensor
720575940619338187,1,sensor
720575940633450956,1,sensor
720575940623747533,1,sensor
720575940632041935,1,sensor
720575940641018320,1,sensor
720575940615113169,1,sensor
720575940609667538,1,sensor
720575940641096144,1,sensor
720575940641216976,1,sensor
720575940614808017,1,sensor
720575940623065558,1,sensor
720575940642142683,1,sensor
720575940623538653,1,sensor
720575940621902301,1,motor
720575940613579237,1,sensor
720575940627069416,1,sensor
720575940637561321,1,sensor
720575940638966249,1,sensor
720575940625652204,1,sensor
720575940611951090,1,sensor
720575940653625846,1,sensor
720575940650033654,1,sensor
720575940630315514,1,sensor
720575940625140221,1,sensor
720575940615408126,1,sensor
720575940613808638,1,inter
720575940628908548,1,sensor
720575940625328648,1,sensor
720575940625377800,1,sensor
720575940609141257,1,sensor
720575940632402447,1,sensor
720575940613818902,1,sensor
720575940635146777,1,sensor
720575940634989081,1,sensor
720575940625175068,1,sensor
720575940621976097,1,inter
720575940647275043,1,sensor
720575940624038438,1,sensor
720575940624951847,1,inter
720575940614926888,1,sensor
720575940624319017,1,sensor
720575940623401513,1,sensor
720575940628314667,1,inter
720575940631099948,1,sensor
720575940633801261,1,sensor
720575940616727090,1,sensor
720575940640117301,1,sensor
720575940632891961,1,sensor
720575940618029627,1,sensor
720575940631233084,1,sensor
720575940619457088,1,sensor
720575940616501826,1,sensor
720575940616434242,1,sensor
720575940637905478,1,sensor
720575940624902729,1,inter
720575940629275210,1,sensor
720575940623444556,1,sensor
720575940621548108,1,inter
720575940623149644,1,sensor
720575940638421582,1,sensor
720575940633305681,1,sensor
720575940618951252,1,sensor
720575940631898711,1,sensor
720575940638642776,1,sensor
720575940625031769,1,sensor
720575940627675737,1,sensor
720575940621562459,1,sensor
720575940638874202,1,inter
720575940633471583,1,sensor
720575940626983524,1,sensor
720575940606653030,1,sensor
720575940632760936,1,sensor
720575940621754989,1,sensor
720575940644981358,1,sensor
720575940629985910,1,sensor
720575940623503996,1,sensor
720575940630182526,1,sensor
720575940619991679,1,sensor
720575940621148799,1,motor
720575940640625280,1,sensor
720575940627352195,1,sensor
720575940648360580,1,sensor
720575940646814340,1,motor
720575940627327625,1,sensor
720575940641706637,1,sensor
720575940628185743,1,sensor
720575940618451601,1,sensor
720575940621460115,1,inter
720575940612418201,1,sensor
720575940640856739,1,sensor
720575940640834211,1,inter
720575940623125161,1,sensor
720575940633940653,1,sensor
720575940637420206,1,sensor
720575940633176749,1,sensor
720575940607689394,1,inter
720575940611424947,1,sensor
720575940636543668,1,sensor
720575940611347123,1,inter
720575940636418740,1,sensor
720575940640025277,1,sensor
720575940635878079,1,sensor
720575940619121344,1,sensor
720575940621759169,1,sensor
720575940610515651,1,inter
720575940616923846,1,sensor
720575940614572742,1,sensor
720575940614566598,1,motor
720575940627149514,1,sensor
720575940641096400,1,sensor
720575940611773138,1,inter
720575940617026260,1,sensor
720575940631370460,1,sensor
720575940602483424,1,sensor
720575940613135077,1,sensor
720575940617677542,1,sensor
720575940625894119,1,motor
720575940625466091,1,sensor
720575940625357547,1,sensor
720575940621646575,1,sensor
720575940619711216,1,sensor
720575940621308655,1,sensor
720575940613233394,1,sensor
720575940625994483,1,sensor
720575940619506415,1,sensor
720575940618455791,1,inter
720575940650033910,1,sensor
720575940622525168,1,sensor
720575940630418170,1,sensor
720575940630104827,1,motor
720575940625146621,1,sensor
720575940614810366,1,sensor
720575940618851073,1,sensor
720575940628716294,1,sensor
720575940625038090,1,sensor
720575940617065228,1,sensor
720575940623897357,1,sensor
720575940632296210,1,sensor
720575940626938645,1,motor
720575940645913367,1,sensor
720575940624100120,1,sensor
720575940619109147,1,sensor
720575940625369884,1,sensor
720575940617616157,1,sensor
720575940619150109,1,sensor
720575940624155433,1,sensor
720575940611398446,1,sensor
720575940617024306,1,sensor
720575940647703348,1,sensor
720575940630420281,1,sensor
720575940628382522,1,sensor
720575940632521529,1,sensor
720575940616403771,1,sensor
720575940640576317,1,sensor
720575940621751105,1,sensor
720575940620598081,1,sensor
720575940616870725,1,sensor
720575940617034565,1,motor
720575940624274249,1,inter
720575940620981072,1,inter
720575940617392980,1,inter
720575940621550427,1,sensor
720575940609137500,1,sensor
720575940618343261,1,sensor
720575940618468189,1,sensor
720575940622560094,1,sensor
720575940635460448,1,sensor
720575940632707944,1,sensor
720575940613940074,1,inter
720575940646484846,1,sensor
720575940621992820,1,sensor
720575940617626485,1,sensor
720575940611607416,1,sensor
720575940627927930,1,sensor
720575940618126203,1,sensor
720575940619967355,1,sensor
720575940627942269,1,sensor
720575940630489982,1,sensor
720575940607884162,1,sensor
720575940627233667,1,sensor
720575940608174978,1,sensor
720575940628167557,1,sensor
720575940621638534,1,sensor
720575940620573575,1,sensor
720575940623383432,1,sensor
720575940627891081,1,sensor
720575940624235400,1,sensor
720575940616293259,1,sensor
720575940643289997,1,sensor
720575940637232014,1,sensor
720575940628663183,1,sensor
720575940615271314,1,sensor
720575940615592850,1,sensor
720575940613473177,1,sensor
720575940634839964,1,sensor
720575940644496288,1,sensor
720575940619654053,1,sensor
720575940620153765,1,motor
720575940604814252,1,sensor
720575940636574644,1,motor
720575940627100602,1,sensor
720575940625574844,1,sensor
720575940635960255,1,sensor
720575940635890623,1,sensor
720575940610442179,1,sensor
720575940631659461,1,inter
720575940614157254,1,sensor
720575940643863496,1,inter
720575940626994122,1,sensor
720575940620819403,1,sensor
720575940620045259,1,inter
720575940632189900,1,motor
720575940633940947,1,inter
720575940623274966,1,motor
720575940628810711,1,sensor
720575940618902488,1,sensor
720575940630518743,1,sensor
720575940618200024,1,sensor
720575940642624475,1,sensor
720575940631149532,1,sensor
720575940612203482,1,motor
720575940614208483,1,sensor
720575940639163364,1,sensor
720575940613481445,1,sensor
720575940613288933,1,sensor
720575940610116581,1,motor
720575940639149033,1,sensor
720575940622066666,1,sensor
720575940625062891,1,sensor
720575940614745069,1,sensor
720575940614718445,1,sensor
720575940621777903,1,sensor
720575940621806574,1,sensor
720575940629312497,1,sensor
720575940611644402,1,inter
720575940653399030,1,sensor
720575940630641655,1,sensor
720575940636611576,1,sensor
720575940631608313,1,sensor
720575940629863424,1,sensor
720575940625437698,1,sensor
720575940626408454,1,sensor
720575940625304584,1,sensor
720575940609618953,1,sensor
720575940609600523,1,sensor
720575940609854475,1,sensor
720575940625978382,1,sensor
720575940632400911,1,sensor
720575940629715984,1,sensor
720575940625972238,1,sensor
720575940625792014,1,sensor
720575940628767765,1,sensor
720575940628110357,1,sensor
720575940635089945,1,sensor
720575940635116569,1,inter
720575940617991195,1,motor
720575940625669148,1,inter
720575940647310371,1,sensor
720575940645336100,1,sensor
720575940624596006,1,sensor
720575940614964264,1,sensor
720575940608422958,1,sensor
720575940632740911,1,sensor
720575940617018418,1,sensor
720575940614851635,1,sensor
720575940647859252,1,sensor
720575940615359538,1,inter
720575940647935028,1,sensor
720575940640140341,1,inter
720575940617645115,1,sensor
720575940619592768,1,sensor
720575940622140481,1,sensor
720575940609991748,1,sensor
720575940639523910,1,sensor
720575940639571014,1,sensor
720575940637736006,1,inter
720575940627645514,1,motor
720575940632327243,1,sensor
720575940623346764,1,sensor
720575940633259089,1,sensor
720575940634018899,1,sensor
720575940633324627,1,sensor
720575940633746515,1,inter
720575940626721881,1,sensor
720575940621800539,1,sensor
720575940621802587,1,sensor
720575940623248483,1,sensor
720575940625673316,1,sensor
720575940630705256,1,sensor
720575940628368489,1,sensor
720575940632759400,1,sensor
720575940636245099,1,sensor
720575940634592363,1,sensor
720575940635489387,1,sensor
720575940612238449,1,sensor
720575940612465777,1,sensor
720575940622523508,1,sensor
720575940636988535,1,sensor
720575940649229433,1,sensor
720575940623099004,1,sensor
720575940623467644,1,sensor
720575940623471740,1,sensor
720575940620903551,1,sensor
720575940628069501,1,sensor
720575940661142657,1,sensor
720575940626013315,1,sensor
720575940628329605,1,sensor
720575940621073543,1,sensor
720575940624290952,1,sensor
720575940628141193,1,sensor
720575940621126791,1,sensor
720575940639874189,1,sensor
720575940643228813,1,sensor
720575940636695694,1,sensor
720575940637574286,1,sensor
720575940641535117,1,inter
720575940624311444,1,sensor
720575940612932757,1,sensor
720575940616039574,1,sensor
720575940611685525,1,sensor
720575940625310868,1,sensor
720575940634776727,1,sensor
720575940617194653,1,sensor
720575940615986335,1,sensor
720575940643290272,1,sensor
720575940654777505,1,inter
720575940613018786,1,sensor
720575940632845476,1,sensor
720575940633062564,1,sensor
720575940621782182,1,sensor
720575940621413541,1,sensor
720575940628804776,1,sensor
720575940610544810,1,sensor
720575940606926001,1,sensor
720575940634764468,1,sensor
720575940624964789,1,sensor
720575940626039996,1,sensor
720575940606692542,1,sensor
720575940633265343,1,sensor
720575940628055239,1,sensor
720575940645084360,1,sensor
720575940607765705,1,sensor
720575940631772367,1,sensor
720575940632868051,1,motor
720575940608765141,1,inter
720575940631067868,1,inter
720575940638627038,1,motor
720575940613336287,1,sensor
720575940604933344,1,sensor
720575940634645729,1,sensor
720575940613399781,1,sensor
720575940617995494,1,sensor
720575940624313578,1,sensor
720575940621702383,1,sensor
720575940620715247,1,inter
720575940623983859,1,motor
720575940627019004,1,sensor
720575940622324991,1,motor
720575940629497088,1,sensor
720575940609162505,1,sensor
720575940609414409,1,sensor
720575940608468233,1,sensor
720575940616842508,1,sensor
720575940615310604,1,sensor
720575940615386380,1,sensor
720575940615419148,1,sensor
720575940623910157,1,sensor
720575940628276497,1,sensor
720575940627764497,1,sensor
720575940630883599,1,inter
720575940621393172,1,sensor
720575940643218711,1,sensor
720575940645778711,1,sensor
720575940627916062,1,sensor
720575940633175327,1,sensor
720575940605494560,1,inter
720575940647224611,1,sensor
720575940627053861,1,sensor
720575940625970471,1,sensor
720575940614817064,1,sensor
720575940629878059,1,sensor
720575940629638443,1,sensor
720575940632853805,1,sensor
720575940627643691,1,sensor
720575940626365744,1,sensor
720575940617047346,1,sensor
720575940613506355,1,sensor
720575940647589172,1,sensor
720575940640292149,1,sensor
720575940615990578,1,sensor
720575940631180599,1,sensor
720575940618769718,1,inter
720575940630973756,1,sensor
720575940618440000,1,motor
720575940615415106,1,sensor
720575940632833347,1,sensor
720575940609406276,1,sensor
720575940639147334,1,sensor
720575940631446855,1,motor
720575940628643144,1,sensor
720575940624919881,1,sensor
720575940629224778,1,sensor
720575940629179722,1,sensor
720575940626201933,1,sensor
720575940626263373,1,sensor
720575940626267469,1,sensor
720575940632915281,1,inter
720575940632227155,1,sensor
720575940631670103,1,sensor
720575940623043939,1,sensor
720575940631870824,1,sensor
720575940631383400,1,motor
720575940621514093,1,sensor
720575940643671406,1,motor
720575940638039408,1,sensor
720575940638051696,1,sensor
720575940613834098,1,sensor
720575940611134833,1,sensor
720575940617528693,1,sensor
720575940649969017,1,sensor
720575940630556026,1,sensor
720575940618216827,1,sensor
720575940617883003,1,sensor
720575940623007100,1,motor
720575940619883899,1,sensor
720575940627133827,1,sensor
720575940648650116,1,sensor
720575940626738565,1,motor
720575940620346758,1,sensor
720575940632606092,1,sensor
720575940643255693,1,sensor
720575940628532623,1,sensor
720575940624477587,1,sensor
720575940625679764,1,sensor
720575940612668821,1,sensor
720575940615222678,1,sensor
720575940635624855,1,sensor
720575940634803612,1,sensor
720575940619695518,1,sensor
720575940644001184,1,sensor
720575940639210915,1,sensor
720575940615617959,1,sensor
720575940628135336,1,sensor
720575940613178794,1,sensor
720575940603338156,1,sensor
720575940621995440,1,sensor
720575940611640755,1,sensor
720575940624340407,1,sensor
720575940617219515,1,sensor
720575940617203131,1,sensor
720575940640101821,1,sensor
720575940626019772,1,sensor
720575940638637501,1,motor
720575940610360771,1,sensor
720575940629102023,1,sensor
720575940620817867,1,sensor
720575940620332491,1,sensor
720575940620043723,1,inter
720575940620588491,1,sensor
720575940624225741,1,sensor
720575940632413651,1,sensor
720575940633583059,1,sensor
720575940610133461,1,sensor
720575940620729816,1,sensor
720575940617088473,1,sensor
720575940611886554,1,sensor
720575940618116569,1,inter
720575940616201695,1,sensor
720575940615575007,1,sensor
720575940634748385,1,sensor
720575940634586594,1,sensor
720575940634584546,1,sensor
720575940614815199,1,motor
720575940631770593,1,motor
720575940611530213,1,sensor
720575940624623082,1,sensor
720575940625448427,1,sensor
720575940624313834,1,sensor
720575940623945194,1,sensor
720575940611720690,1,motor
720575940622013940,1,sensor
720575940653295094,1,sensor
720575940653479414,1,sensor
720575940630838775,1,sensor
720575940634361336,1,sensor
720575940630597114,1,sensor
720575940629179900,1,sensor
720575940625047037,1,sensor
720575940613033470,1,sensor
720575940625020413,1,sensor
720575940623994367,1,sensor
720575940628442628,1,sensor
720575940623875592,1,sensor
720575940630484495,1,sensor
720575940619709972,1,inter
720575940626390549,1,sensor
720575940635006489,1,sensor
720575940627480092,1,sensor
720575940626669086,1,sensor
720575940633316895,1,sensor
720575940617266722,1,sensor
720575940633806381,1,sensor
720575940611372590,1,sensor
720575940610375214,1,inter
720575940647966260,1,inter
720575940629118517,1,sensor
720575940646708788,1,sensor
720575940617514550,1,sensor
720575940627529274,1,sensor
720575940628356666,1,sensor
720575940627549754,1,sensor
720575940627252798,1,sensor
720575940639114815,1,sensor
720575940631717443,1,sensor
720575940625229385,1,sensor
720575940629292618,1,sensor
720575940633056849,1,sensor
720575940626968146,1,sensor
720575940633763411,1,inter
720575940620953173,1,sensor
720575940639047258,1,sensor
720575940623050334,1,inter
720575940635340384,1,sensor
720575940606283366,1,sensor
720575940632669800,1,sensor
720575940635631211,1,sensor
720575940634601067,1,motor
720575940636526191,1,sensor
720575940638006896,1,sensor
720575940640605811,1,sensor
720575940640175731,1,sensor
720575940617168501,1,sensor
720575940611829368,1,sensor
720575940639608441,1,sensor
720575940639444601,1,sensor
720575940648425092,1,sensor
720575940621659782,1,sensor
720575940621096583,1,sensor
720575940622565000,1,sensor
720575940643118733,1,sensor
720575940613238418,1,sensor
720575940612847253,1,sensor
720575940615941782,1,sensor
720575940635248279,1,sensor
720575940627871384,1,sensor
720575940634199703,1,sensor
720575940635014807,1,sensor
720575940630148763,1,sensor
720575940626452120,1,inter
720575940627758744,1,sensor
720575940619744926,1,sensor
720575940613260959,1,sensor
720575940643188384,1,sensor
720575940644306592,1,inter
720575940615311010,1,sensor
720575940640761507,1,sensor
720575940620813989,1,sensor
720575940620117670,1,sensor
720575940615141031,1,sensor
720575940628711080,1,sensor
720575940621444779,1,sensor
720575940636944046,1,sensor
720575940611659443,1,sensor
720575940625063605,1,sensor
720575940625450680,1,sensor
720575940618460857,1,sensor
720575940627103418,1,sensor
720575940626869946,1,sensor
720575940627097274,1,sensor
720575940604401342,1,sensor
720575940629204674,1,motor
720575940610500291,1,sensor
720575940624469700,1,sensor
720575940623468228,1,motor
720575940615798470,1,motor
720575940627676871,1,sensor
720575940626661066,1,sensor
720575940610739918,1,sensor
720575940632045263,1,sensor
720575940613629649,1,sensor
720575940614907601,1,sensor
720575940611641042,1,sensor
720575940631158487,1,sensor
720575940618833624,1,inter
720575940611696346,1,sensor
720575940630847196,1,motor
720575940622368477,1,sensor
720575940616290015,1,sensor
720575940605476576,1,sensor
720575940634111714,1,sensor
720575940613840611,1,sensor
720575940623374058,1,motor
720575940622864107,1,sensor
720575940621819630,1,motor
720575940621711087,1,sensor
720575940621403887,1,sensor
720575940653397750,1,sensor
720575940636471032,1,sensor
720575940630587130,1,sensor
720575940626767612,1,sensor
720575940627019522,1,sensor
720575940623005445,1,sensor
720575940619718405,1,sensor
720575940629434118,1,sensor
720575940609722121,1,sensor
720575940628346634,1,inter
720575940626435850,1,sensor
720575940622137101,1,sensor
720575940629876496,1,sensor
720575940628258577,1,sensor
720575940645564183,1,sensor
720575940618774301,1,sensor
720575940618540834,1,sensor
720575940614737704,1,sensor
720575940624185129,1,sensor
720575940624258857,1,sensor
720575940628586283,1,motor
720575940632946477,1,sensor
720575940616159026,1,sensor
720575940616955698,1,sensor
720575940639889205,1,sensor
720575940631672632,1,sensor
720575940628365114,1,sensor
720575940640112445,1,sensor
720575940639866685,1,sensor
720575940626014014,1,sensor
720575940639086399,1,sensor
720575940617467712,1,inter
720575940629378883,1,sensor
720575940633208647,1,motor
720575940625379145,1,sensor
720575940629294922,1,sensor
720575940631906123,1,sensor
720575940622694217,1,sensor
720575940622786380,1,sensor
720575940629958479,1,sensor
720575940628346706,1,sensor
720575940628352850,1,motor
720575940630882131,1,sensor
720575940631807827,1,sensor
720575940633675603,1,sensor
720575940617631574,1,sensor
720575940640868184,1,sensor
720575940617314141,1,sensor
720575940618467165,1,sensor
720575940622683998,1,inter
720575940611845986,1,sensor
720575940612321122,1,sensor
720575940606674790,1,sensor
720575940628012903,1,sensor
720575940629426025,1,motor
720575940615905130,1,sensor
720575940621535085,1,sensor
720575940637106032,1,sensor
720575940612700017,1,sensor
720575940622440308,1,sensor
720575940650262393,1,sensor
720575940619853691,1,sensor
720575940619642747,1,sensor
720575940630290302,1,sensor
720575940641251200,1,sensor
720575940648128388,1,sensor
720575940648089476,1,sensor
720575940620795784,1,sensor
720575940624281480,1,sensor
720575940622186376,1,inter
720575940632952716,1,sensor
720575940643303309,1,sensor
720575940635449230,1,sensor
720575940642181005,1,sensor
720575940626374544,1,sensor
720575940618256273,1,sensor
720575940635457431,1,sensor
720575940613431193,1,sensor
720575940613382041,1,sensor
720575940630159259,1,sensor
720575940644702112,1,sensor
720575940637394851,1,sensor
720575940620634021,1,sensor
720575940621041573,1,sensor
720575940628586408,1,sensor
720575940636497838,1,sensor
720575940615042991,1,sensor
720575940615139247,1,sensor
720575940620982192,1,sensor
720575940622313398,1,sensor
720575940625098679,1,sensor
720575940623585208,1,sensor
720575940618100665,1,sensor
720575940616951739,1,sensor
720575940624431036,1,sensor
720575940640155581,1,sensor
720575940621064128,1,sensor
720575940621705153,1,sensor
720575940616869830,1,sensor
720575940620750795,1,sensor
720575940633497548,1,sensor
720575940633589708,1,sensor
720575940641583056,1,sensor
720575940613558225,1,inter
720575940634062803,1,sensor
720575940618248153,1,sensor
720575940617914329,1,sensor
720575940630222812,1,motor
720575940613672931,1,sensor
720575940638779364,1,sensor
720575940612638693,1,sensor
720575940639012836,1,sensor
720575940624955367,1,sensor
720575940639172585,1,inter
720575940622557168,1,sensor
720575940625952755,1,sensor
720575940620840948,1,motor
720575940623820787,1,motor
720575940653172726,1,sensor
720575940630839287,1,sensor
720575940631681019,1,sensor
720575940628154364,1,sensor
720575940624906237,1,sensor
720575940624177151,1,sensor
720575940632972319,2,sensor
720575940626378242,3,sensor
720575940629111814,3,sensor
720575940623650823,3,sensor
720575940623792648,3,sensor
720575940606649865,3,sensor
720575940624706062,3,inter
720575940632505359,3,sensor
720575940619637780,3,sensor
720575940619071005,3,sensor
720575940605400096,3,sensor
720575940621753377,3,sensor
720575940614956072,3,sensor
720575940624330281,3,sensor
720575940621123113,3,sensor
720575940624661552,3,sensor
720575940616758322,3,sensor
720575940626115134,3,sensor
720575940617903168,3,sensor
720575940615160386,3,sensor
720575940637943374,3,sensor
720575940637647950,3,inter
720575940631603281,3,sensor
720575940607439964,3,sensor
720575940635066975,3,sensor
720575940634325087,3,sensor
720575940622457443,3,sensor
720575940632835688,3,sensor
720575940629009513,3,sensor
720575940631321704,3,sensor
720575940619531373,3,sensor
720575940636167280,3,sensor
720575940612699761,3,sensor
720575940640415859,3,sensor
720575940630493818,3,sensor
720575940626675837,3,sensor
720575940622726271,3,sensor
720575940660217985,3,sensor
720575940648633988,3,sensor
720575940617781383,3,sensor
720575940631704716,3,sensor
720575940613583001,3,inter
720575940634303132,3,sensor
720575940639121571,3,sensor
720575940618499238,3,sensor
720575940628420264,3,sensor
720575940622182569,3,inter
720575940604352172,3,sensor
720575940632167085,3,sensor
720575940605029036,3,inter
720575940613203119,3,sensor
720575940605883569,3,sensor
720575940608345778,3,sensor
720575940612347571,3,sensor
720575940635249332,3,sensor
720575940623955637,3,sensor
720575940622338742,3,sensor
720575940617299131,3,sensor
720575940616197819,3,sensor
720575940623945404,3,sensor
720575940605758142,3,sensor
720575940634949311,3,sensor
720575940606722249,3,sensor
720575940623146701,3,sensor
720575940610292430,3,sensor
720575940630097103,3,sensor
720575940623137997,3,sensor
720575940610100437,3,sensor
720575940619456728,3,sensor
720575940630407388,3,sensor
720575940637594334,3,sensor
720575940631161570,3,sensor
720575940634545890,3,sensor
720575940613804259,3,sensor
720575940612714723,3,sensor
720575940624832743,3,sensor
720575940628822248,3,sensor
720575940625419495,3,inter
720575940621551854,3,sensor
720575940640955637,3,sensor
720575940651758838,3,sensor
720575940609282825,3,sensor
720575940608293129,3,sensor
720575940609460491,3,sensor
720575940609447179,3,sensor
720575940627042064,3,sensor
720575940615513086,3,sensor
720575940626342174,3,sensor
720575940606385440,3,sensor
720575940621533985,3,sensor
720575940621776161,3,sensor
720575940624879911,3,sensor
720575940611703080,3,sensor
720575940631054634,3,sensor
720575940630914858,3,sensor
720575940610530606,3,inter
720575940632007983,3,sensor
720575940619537201,3,inter
720575940646576436,3,sensor
720575940640372021,3,sensor
720575940618149686,3,sensor
720575940618112310,3,sensor
720575940631462200,3,sensor
720575940639080765,3,sensor
720575940625431870,3,sensor
720575940618277184,3,sensor
720575940614714178,3,sensor
720575940615708482,3,sensor
720575940631801671,3,sensor
720575940631526215,3,sensor
720575940628059978,3,sensor
720575940640314190,3,sensor
720575940628573519,3,sensor
720575940617343316,3,sensor
720575940616486230,3,sensor
720575940631907159,3,sensor
720575940631683927,3,sensor
720575940637628762,3,sensor
720575940621542747,3,sensor
720575940637966682,3,inter
720575940621529435,3,sensor
720575940627349860,3,sensor
720575940625584484,3,sensor
720575940625585508,3,sensor
720575940620595053,3,sensor
720575940637136752,3,sensor
720575940637098352,3,inter
720575940612637554,3,sensor
720575940649045369,3,sensor
720575940630549370,3,sensor
720575940630340474,3,sensor
720575940621585279,3,sensor
720575940640803200,3,sensor
720575940661114753,3,sensor
720575940606590338,3,sensor
720575940660217729,3,sensor
720575940626986885,3,sensor
720575940616908177,3,sensor
720575940614326162,3,sensor
720575940625493400,3,sensor
720575940635983770,3,sensor
720575940619061662,3,sensor
720575940619059102,3,sensor
720575940644004768,3,sensor
720575940637864355,3,sensor
720575940633772452,3,sensor
720575940640541091,3,sensor
720575940615366055,3,sensor
720575940632698797,3,sensor
720575940633741229,3,sensor
720575940605309361,3,sensor
720575940623707575,3,sensor
720575940624435128,3,sensor
720575940638624189,3,sensor
720575940633190847,3,sensor
720575940621500865,3,sensor
720575940610161091,3,sensor
720575940625977802,3,sensor
720575940619078091,3,sensor
720575940633294796,3,sensor
720575940627129290,3,sensor
720575940611352014,3,sensor
720575940608898005,3,sensor
720575940621441494,3,sensor
720575940618865112,3,sensor
720575940615189465,3,sensor
720575940640986075,3,sensor
720575940631193052,3,sensor
720575940629792732,3,sensor
720575940603464672,3,sensor
720575940637623780,3,sensor
720575940642086389,3,sensor
720575940630225403,3,sensor
720575940612197374,3,sensor
720575940622650879,3,sensor
720575940630409216,4,sensor
720575940629676035,4,sensor
720575940621422597,4,sensor
720575940625362952,4,sensor
720575940601712649,4,sensor
720575940609941515,4,sensor
720575940615651340,4,sensor
720575940616837132,4,sensor
720575940623888397,4,sensor
720575940632444943,4,sensor
720575940629485584,4,sensor
720575940631957522,4,sensor
720575940624007192,4,sensor
720575940634812441,4,sensor
720575940622839834,4,sensor
720575940618596381,4,sensor
720575940619161629,4,sensor
720575940623149089,4,sensor
720575940629823531,4,sensor
720575940629858347,4,sensor
720575940630892588,4,sensor
720575940624238640,4,sensor
720575940617019442,4,sensor
720575940612380723,4,sensor
720575940639887413,4,sensor
720575940617928763,4,sensor
720575940630439996,4,sensor
720575940639055933,4,sensor
720575940637022271,4,sensor
720575940617066560,4,sensor
720575940622084161,4,sensor
720575940632850503,4,sensor
720575940629117002,4,sensor
720575940633770067,4,sensor
720575940620968021,4,sensor
720575940615043158,4,sensor
720575940627761241,4,sensor
720575940618483805,4,sensor
720575940621713502,4,sensor
720575940622366814,4,sensor
720575940621820001,4,sensor
720575940623917155,4,sensor
720575940623935588,4,sensor
720575940625371236,4,sensor
720575940629672041,4,sensor
720575940629614697,4,sensor
720575940634144875,4,sensor
720575940634857583,4,sensor
720575940650717305,4,sensor
720575940623337596,4,sensor
720575940621506684,4,sensor
720575940630601854,4,sensor
720575940606527618,4,sensor
720575940627179651,4,sensor
720575940648325252,4,sensor
720575940620759174,4,sensor
720575940625651849,4,sensor
720575940637603982,4,sensor
720575940626899088,4,sensor
720575940614191250,4,sensor
720575940625629332,4,sensor
720575940610191509,4,sensor
720575940613580953,4,sensor
720575940619071646,4,sensor
720575940652611745,4,sensor
720575940615680162,4,sensor
720575940633182372,4,sensor
720575940621701286,4,sensor
720575940615295143,4,sensor
720575940628453544,4,sensor
720575940623126697,4,sensor
720575940622928041,4,sensor
720575940613980335,4,sensor
720575940620470448,4,sensor
720575940615139503,4,sensor
720575940605386930,4,sensor
720575940622102710,4,sensor
720575940618442937,4,sensor
720575940621365440,4,sensor
720575940644776136,4,sensor
720575940620609739,4,sensor
720575940633350348,4,sensor
720575940613634257,4,sensor
720575940611913938,4,sensor
720575940628891863,4,sensor
720575940620730584,4,sensor
720575940631343319,4,sensor
720575940639817947,4,sensor
720575940631146716,4,sensor
720575940614035683,4,sensor
720575940613619941,4,sensor
720575940618592486,4,sensor
720575940622964967,4,sensor
720575940638720233,4,sensor
720575940625170667,4,sensor
720575940614635757,4,sensor
720575940620544239,4,sensor
720575940613376242,4,sensor
720575940653566198,4,sensor
720575940636502264,4,sensor
720575940635535608,4,sensor
720575940634499320,4,sensor
720575940636047608,4,sensor
720575940629008636,4,sensor
720575940628998396,4,sensor
720575940624179455,4,sensor
720575940629494022,4,sensor
720575940624793863,4,sensor
720575940625445130,4,sensor
720575940616397068,4,sensor
720575940616984844,4,sensor
720575940629924112,4,sensor
720575940628730129,4,sensor
720575940631838994,4,sensor
720575940619655444,4,sensor
720575940634947865,4,sensor
720575940619065627,4,sensor
720575940627497244,4,sensor
720575940622676257,4,sensor
720575940645454116,4,sensor
720575940624857381,4,sensor
720575940632330538,4,sensor
720575940629868843,4,sensor
720575940632455466,4,sensor
720575940633192751,4,sensor
720575940640291125,4,sensor
720575940615629115,4,sensor
720575940638269757,4,sensor
720575940626805054,4,sensor
720575940627327294,4,sensor
720575940628592968,4,sensor
720575940620654928,4,sensor
720575940619661648,4,sensor
720575940627882322,4,sensor
720575940617673046,4,sensor
720575940631365975,4,sensor
720575940619944283,4,sensor
720575940621801819,4,sensor
720575940621392219,4,sensor
720575940622842206,4,sensor
720575940635128160,4,sensor
720575940623587683,4,sensor
720575940628636007,4,sensor
720575940631619944,4,sensor
720575940632779112,4,sensor
720575940629715305,4,sensor
720575940629614953,4,sensor
720575940644145518,4,sensor
720575940636762479,4,sensor
720575940613603698,4,sensor
720575940622106996,4,sensor
720575940628857206,4,sensor
720575940635339127,4,sensor
720575940637243767,4,sensor
720575940650416505,4,sensor
720575940620136827,4,sensor
720575940622801279,4,sensor
720575940659229057,4,sensor
720575940624017800,4,sensor
720575940621674890,4,sensor
720575940633209228,4,sensor
720575940615553426,4,sensor
720575940612204949,4,sensor
720575940616038806,4,sensor
720575940634786202,4,sensor
720575940630161819,4,sensor
720575940630149531,4,sensor
720575940619846046,4,sensor
720575940619714974,4,sensor
720575940633706916,4,sensor
720575940633428388,4,sensor
720575940612258218,4,sensor
720575940621619627,4,inter
720575940623190453,4,sensor
720575940622268853,4,sensor
720575940625117623,4,sensor
720575940625787320,4,sensor
720575940618451385,4,sensor
720575940627110330,4,sensor
720575940617079227,4,sensor
720575940617353659,4,sensor
720575940625062325,4,sensor
720575940639281597,4,sensor
720575940606441918,4,sensor
720575940609659331,4,sensor
720575940623512004,4,sensor
720575940645099976,4,sensor
720575940620818891,4,sensor
720575940615014865,4,sensor
720575940611914194,4,sensor
720575940633364947,4,sensor
720575940623548893,4,sensor
720575940605489632,4,sensor
720575940603578848,4,sensor
720575940639101412,4,sensor
720575940611830245,4,sensor
720575940628888040,4,sensor
720575940611414514,4,sensor
720575940622539252,4,sensor
720575940642361845,4,sensor
720575940622721524,4,sensor
720575940629840375,4,sensor
720575940629354999,4,sensor
720575940628982268,4,sensor
720575940628896252,4,sensor
720575940615346686,4,sensor
720575940619055617,4,sensor
720575940627423746,4,sensor
720575940627286530,4,sensor
720575940626907650,4,sensor
720575940620036613,4,sensor
720575940628713988,4,sensor
720575940628791812,4,sensor
720575940622072325,4,sensor
720575940628699654,4,sensor
720575940628251146,4,sensor
720575940609774091,4,sensor
720575940625838606,4,sensor
720575940626399763,4,sensor
720575940619237908,4,sensor
720575940613620246,4,sensor
720575940623725080,4,sensor
720575940623811096,4,sensor
720575940632912409,4,sensor
720575940627014172,4,sensor
720575940618668578,4,sensor
720575940647391779,4,sensor
720575940645693988,4,inter
720575940623608361,4,sensor
720575940632465962,4,sensor
720575940629559851,4,sensor
720575940630485548,4,sensor
720575940627249707,4,sensor
720575940609366574,4,sensor
720575940631716399,4,sensor
720575940624255529,4,sensor
720575940615518770,4,sensor
720575940640338485,4,sensor
720575940619981366,4,sensor
720575940640062005,4,sensor
720575940632902200,4,sensor
720575940632308281,4,sensor
720575940618152507,4,sensor
720575940616561211,4,sensor
720575940640467517,4,sensor
720575940625500734,4,sensor
720575940621802049,4,sensor
720575940632764995,4,sensor
720575940608496196,4,sensor
720575940633201223,4,sensor
720575940629322314,4,sensor
720575940631917131,4,sensor
720575940623467084,4,sensor
720575940626403917,4,sensor
720575940626358861,4,sensor
720575940630037079,4,sensor
720575940629787223,4,sensor
720575940626012761,4,sensor
720575940626469465,4,sensor
720575940621283931,4,sensor
720575940622893662,4,sensor
720575940610357858,4,sensor
720575940627219044,4,sensor
720575940627223140,4,sensor
720575940606421606,4,sensor
720575940627827303,4,sensor
720575940629293671,4,sensor
720575940621099629,4,sensor
720575940646259310,4,sensor
720575940637792880,4,sensor
720575940637952624,4,sensor
720575940612780657,4,sensor
720575940613094002,4,sensor
720575940630174326,4,sensor
720575940629777018,4,sensor
720575940618398331,4,sensor
720575940623475324,4,sensor
720575940608299650,4,sensor
720575940628136581,4,sensor
720575940624351882,4,sensor
720575940633197196,4,sensor
720575940626184848,4,sensor
720575940618324625,4,sensor
720575940615621266,4,sensor
720575940618500753,4,sensor
720575940625689236,4,sensor
720575940612821653,4,sensor
720575940612477589,4,sensor
720575940635335319,4,sensor
720575940627800728,4,sensor
720575940615092882,4,sensor
720575940618721949,4,sensor
720575940618265246,4,sensor
720575940633645732,4,sensor
720575940633772708,4,sensor
720575940622715561,4,sensor
720575940611314346,4,sensor
720575940621370027,4,sensor
720575940613169843,4,sensor
720575940613139123,4,sensor
720575940634966708,4,sensor
720575940635593396,4,sensor
720575940623225525,4,sensor
720575940625926840,4,sensor
720575940627139258,4,sensor
720575940627249850,4,sensor
720575940621429440,4,sensor
720575940621398721,4,sensor
720575940630770370,4,sensor
720575940621716161,4,sensor
720575940616608454,4,sensor
720575940629015239,4,sensor
720575940605010633,4,sensor
720575940630258380,4,sensor
720575940621062861,4,sensor
720575940610777806,4,sensor
720575940632068815,4,sensor
720575940618371796,4,sensor
720575940618310356,4,sensor
720575940630919895,4,sensor
720575940638333662,4,sensor
720575940634637026,4,sensor
720575940638753508,4,sensor
720575940638882532,4,sensor
720575940636795620,4,sensor
720575940625474279,4,sensor
720575940637506281,4,sensor
720575940620237550,4,sensor
720575940629482225,4,sensor
720575940611123954,4,sensor
720575940631231225,4,sensor
720575940630487802,4,sensor
720575940630006521,4,sensor
720575940631522043,4,sensor
720575940629385978,4,sensor
720575940619064065,4,sensor
720575940618947329,4,sensor
720575940629451526,4,sensor
720575940609860363,4,sensor
720575940623688461,4,sensor
720575940632351506,4,sensor
720575940621290260,4,sensor
720575940613657366,4,sensor
720575940623991576,4,sensor
720575940622998298,4,sensor
720575940618570525,4,sensor
720575940626293534,4,sensor
720575940627907358,4,sensor
720575940631536415,4,sensor
720575940623151905,4,sensor
720575940647392035,4,sensor
720575940645526308,4,sensor
720575940612182824,4,sensor
720575940629875499,4,sensor
720575940620026673,4,sensor
720575940615504690,4,sensor
720575940640322357,4,sensor
720575940632437561,4,sensor
720575940628443962,4,sensor
720575940617931579,4,sensor
720575940640625469,4,sensor
720575940639165247,4,sensor
720575940619219776,4,sensor
720575940608832324,4,sensor
720575940609346372,4,sensor
720575940625048393,4,sensor
720575940627964746,4,sensor
720575940629123914,4,sensor
720575940629115722,4,sensor
720575940624538445,4,sensor
720575940629752655,4,sensor
720575940620575568,4,sensor
720575940632935249,4,sensor
720575940631032657,4,sensor
720575940627854162,4,sensor
720575940619041620,4,sensor
720575940618830676,4,sensor
720575940617349974,4,sensor
720575940620913493,4,sensor
720575940628325202,4,sensor
720575940639282008,4,sensor
720575940618081117,4,sensor
720575940635779935,4,sensor
720575940635714399,4,sensor
720575940612219746,4,sensor
720575940622314339,4,sensor
720575940606608230,4,sensor
720575940634356587,4,sensor
720575940636310379,4,sensor
720575940631501676,4,sensor
720575940631323500,4,sensor
720575940636687215,4,sensor
720575940611507057,4,sensor
720575940613835634,4,sensor
720575940613643122,4,sensor
720575940613131122,4,sensor
720575940630176630,4,sensor
720575940650685305,4,sensor
720575940619856763,4,sensor
720575940620546940,4,sensor
720575940622461823,4,sensor
720575940622590847,4,sensor
720575940627356547,4,sensor
720575940645821316,4,sensor
720575940621499270,4,sensor
720575940617821063,4,sensor
720575940641285005,4,sensor
720575940626731920,4,sensor
720575940625318804,4,sensor
720575940620065694,4,sensor
720575940644395936,4,sensor
720575940656042913,4,sensor
720575940644465568,4,sensor
720575940638065571,4,sensor
720575940614435751,4,sensor
720575940634024877,4,sensor
720575940633670573,4,sensor
720575940621052848,4,sensor
720575940625013687,4,sensor
720575940623887288,4,sensor
720575940616727483,4,sensor
720575940606739390,4,sensor
720575940633146303,4,sensor
720575940606141374,4,sensor
720575940630748098,4,sensor
720575940608431043,4,sensor
720575940624139204,4,sensor
720575940619854795,4,sensor
720575940612418510,4,sensor
720575940631055311,4,sensor
720575940641395664,4,sensor
720575940615271377,4,sensor
720575940613139418,4,sensor
720575940611085274,4,sensor
720575940611027930,4,sensor
720575940636957662,4,sensor
720575940605844448,4,sensor
720575940611843043,4,sensor
720575940618245094,4,sensor
720575940618398694,4,sensor
720575940619674606,4,sensor
720575940622410736,4,sensor
720575940629586929,4,sensor
720575940628851697,4,sensor
720575940625980403,4,sensor
720575940642040821,4,sensor
720575940652659702,4,sensor
720575940629771257,4,sensor
720575940631362553,4,sensor
720575940628898812,4,sensor
720575940623645693,4,sensor
720575940631141376,4,sensor
720575940629644291,4,sensor
720575940629541891,4,sensor
720575940628884486,4,sensor
720575940625421320,4,sensor
720575940609598475,4,sensor
720575940609299467,4,sensor
720575940623940622,4,sensor
720575940625906702,4,sensor
720575940628053009,4,sensor
720575940631774226,4,sensor
720575940620661780,4,sensor
720575940620405780,4,sensor
720575940618685467,4,sensor
720575940624755742,4,sensor
720575940618423330,4,sensor
720575940626983973,4,sensor
720575940624524326,4,sensor
720575940630877226,4,sensor
720575940628212780,4,sensor
720575940631059501,4,sensor
720575940609180718,4,sensor
720575940626437168,4,sensor
720575940615171122,4,sensor
720575940627352638,4,sensor
720575940627250238,4,sensor
720575940635913279,4,sensor
720575940638989375,4,sensor
720575940616332354,4,sensor
720575940619080773,4,sensor
720575940639128646,4,sensor
720575940622713929,4,sensor
720575940623289420,4,sensor
720575940638200910,4,sensor
720575940631673939,4,sensor
720575940619088980,4,sensor
720575940615593044,4,sensor
720575940633893971,4,sensor
720575940617626710,4,sensor
720575940640463960,4,sensor
720575940627725401,4,sensor
720575940620991582,4,sensor
720575940633173087,4,sensor
720575940635276384,4,sensor
720575940621646945,4,sensor
720575940616172650,4,sensor
720575940629881964,4,sensor
720575940621714541,4,sensor
720575940645938286,4,sensor
720575940646141038,4,sensor
720575940637009007,4,sensor
720575940612793457,4,sensor
720575940640138355,4,sensor
720575940622056564,4,sensor
720575940640736371,4,sensor
720575940631463030,4,sensor
720575940631483510,4,sensor
720575940650945657,4,sensor
720575940630758522,4,sensor
720575940619990139,4,sensor
720575940628028541,4,sensor
720575940627684477,4,sensor
720575940627192963,4,sensor
720575940643300493,4,sensor
720575940622906515,4,sensor
720575940612973717,4,sensor
720575940615855254,4,sensor
720575940626027672,4,sensor
720575940630152347,4,sensor
720575940620045470,4,sensor
720575940615814303,4,sensor
720575940656067745,4,sensor
720575940656071841,4,sensor
720575940628120744,4,sensor
720575940633926829,4,sensor
720575940634039469,4,sensor
720575940614896815,4,sensor
720575940606190770,4,sensor
720575940634027188,4,sensor
720575940625013943,4,sensor
720575940617180347,4,sensor
720575940616991931,4,sensor
720575940625906876,4,sensor
720575940640126141,4,sensor
720575940606756030,4,sensor
720575940635724991,4,sensor
720575940619695296,4,sensor
720575940621677761,4,sensor
720575940623289532,4,sensor
720575940630439106,4,sensor
720575940622712004,4,sensor
720575940625841351,4,sensor
720575940642442440,4,sensor
720575940644576456,4,sensor
720575940633406668,4,sensor
720575940612418766,4,sensor
720575940612404430,4,sensor
720575940612363470,4,sensor
720575940614765777,4,sensor
720575940609133781,4,sensor
720575940618253529,4,sensor
720575940611300570,4,sensor
720575940623234269,4,sensor
720575940634289377,4,sensor
720575940634109154,4,sensor
720575940612752611,4,sensor
720575940631893218,4,sensor
720575940614370531,4,sensor
720575940638792937,4,sensor
720575940625458411,4,sensor
720575940625390828,4,sensor
720575940614710509,4,sensor
720575940625444075,4,sensor
720575940618734831,4,sensor
720575940622357744,4,sensor
720575940629546225,4,sensor
720575940612963570,4,inter
720575940612732146,4,sensor
720575940629996794,4,sensor
720575940630609146,4,sensor
720575940623154429,4,sensor
720575940614006014,4,sensor
720575940627109123,4,sensor
720575940622667013,4,sensor
720575940609725705,4,sensor
720575940616633612,4,sensor
720575940616836364,4,sensor
720575940628722965,4,sensor
720575940613752086,4,sensor
720575940622849306,4,sensor
720575940632294687,4,sensor
720575940645885219,4,sensor
720575940614716712,4,sensor
720575940629933354,4,sensor
720575940629833003,4,sensor
720575940631049516,4,sensor
720575940631811373,4,sensor
720575940626275632,4,sensor
720575940620438833,4,sensor
720575940614604083,4,sensor
720575940646608180,4,sensor
720575940614649139,4,sensor
720575940630560056,4,sensor
720575940632569145,4,sensor
720575940627326270,4,sensor
720575940638928191,4,sensor
720575940622261569,4,sensor
720575940623463756,4,sensor
720575940626185549,4,sensor
720575940638197070,4,sensor
720575940629894479,4,sensor
720575940620868946,4,sensor
720575940625964377,4,sensor
720575940638848346,4,sensor
720575940620617051,4,sensor
720575940621819227,4,sensor
720575940627733849,4,sensor
720575940620418401,4,sensor
720575940623885667,4,sensor
720575940621622637,4,sensor
720575940611249528,4,sensor
720575940650935673,4,sensor
720575940630590846,4,sensor
720575940628473214,4,sensor
720575940640750976,4,sensor
720575940658525569,4,sensor
720575940607860098,4,sensor
720575940627101059,4,sensor
720575940607915394,4,sensor
720575940628082053,4,sensor
720575940621116807,4,sensor
720575940623203720,4,sensor
720575940624428426,4,sensor
720575940615320971,4,sensor
720575940626900368,4,sensor
720575940615505298,4,sensor
720575940615443858,4,sensor
720575940623144340,4,sensor
720575940613526937,4,sensor
720575940644627872,4,sensor
720575940640851363,4,sensor
720575940621995430,4,sensor
720575940620098982,4,sensor
720575940622106022,4,sensor
720575940622515625,4,sensor
720575940621680041,4,sensor
720575940621061545,4,sensor
720575940623179177,4,sensor
720575940633912749,4,sensor
720575940614800815,4,sensor
720575940606649777,4,sensor
720575940607643058,4,sensor
720575940635936180,4,sensor
720575940624690613,4,sensor
720575940617838009,4,sensor
720575940627277242,4,sensor
720575940617209275,4,sensor
720575940610436547,4,sensor
720575940616687046,4,sensor
720575940607827401,4,sensor
720575940631342551,4,sensor
720575940620285400,4,sensor
720575940612347354,4,sensor
720575940631236060,4,sensor
720575940623478237,4,sensor
720575940638084574,4,sensor
720575940614614495,4,sensor
720575940605580768,4,sensor
720575940639071721,4,sensor
720575940625479147,4,sensor
720575940623564267,4,sensor
720575940623486443,4,sensor
720575940621544943,4,sensor
720575940620860912,4,sensor
720575940653213174,4,sensor
720575940630851072,4,sensor
720575940615972353,4,sensor
720575940628465156,4,sensor
720575940620047877,4,sensor
720575940629405190,4,sensor
720575940625391112,4,sensor
720575940628342282,4,sensor
720575940609269259,4,sensor
720575940616996364,4,sensor
720575940623595021,4,sensor
720575940630703631,4,sensor
720575940632507919,4,sensor
720575940627727888,4,sensor
720575940626388499,4,sensor
720575940621315604,4,sensor
720575940626406933,4,sensor
720575940622749210,4,sensor
720575940604630560,4,sensor
720575940627043877,4,sensor
720575940614278696,4,sensor
720575940613449256,4,sensor
720575940614501928,4,sensor
720575940629507627,4,sensor
720575940629853739,4,sensor
720575940611497518,4,sensor
720575940619845169,4,sensor
720575940614903347,4,sensor
720575940632573496,4,sensor
720575940627867194,4,sensor
720575940618069563,4,sensor
720575940616613435,4,sensor
720575940639008319,4,sensor
720575940610983492,4,sensor
720575940619298373,4,sensor
720575940628432456,4,sensor
720575940628586056,4,sensor
720575940631903819,4,sensor
720575940632014411,4,sensor
720575940629485135,4,sensor
720575940615808598,4,sensor
720575940631821911,4,sensor
720575940640482904,4,sensor
720575940626091609,4,sensor
720575940638602842,4,sensor
720575940608241244,4,sensor
720575940618425949,4,sensor
720575940621780577,4,sensor
720575940632768104,4,sensor
720575940632821352,4,sensor
720575940613351018,4,sensor
720575940621921901,4,sensor
720575940646227566,4,sensor
720575940621860461,4,sensor
720575940637687408,4,sensor
720575940613834354,4,sensor
720575940640657011,4,sensor
720575940627850877,4,sensor
720575940630591102,4,sensor
720575940621516415,4,sensor
720575940630720126,4,sensor
720575940660340353,4,sensor
720575940605249154,4,inter
720575940608138882,4,sensor
720575940648363652,4,sensor
720575940608028290,4,sensor
720575940621403782,4,sensor
720575940620875399,4,sensor
720575940628133513,4,sensor
720575940627801737,4,sensor
720575940617625227,4,sensor
720575940626507408,4,sensor
720575940618469009,4,sensor
720575940616066705,4,sensor
720575940634291863,4,sensor
720575940610838169,4,sensor
720575940613394073,4,sensor
720575940629552795,4,sensor
720575940629808795,4,sensor
720575940634502812,4,sensor
720575940629847707,4,sensor
720575940644654752,4,sensor
720575940633706148,4,sensor
720575940621371045,4,sensor
720575940613787303,4,sensor
720575940622700201,4,sensor
720575940607915698,4,sensor
720575940613240499,4,sensor
720575940620512950,4,sensor
720575940624774839,4,sensor
720575940625536696,4,sensor
720575940618442425,4,sensor
720575940626583226,4,sensor
720575940639723197,4,sensor
720575940606539454,4,sensor
720575940606621374,4,sensor
720575940621522624,4,sensor
720575940619966145,4,sensor
720575940616867526,4,sensor
720575940627427015,4,sensor
720575940644576968,4,sensor
720575940632286924,4,sensor
720575940612323025,4,sensor
720575940630644439,4,sensor
720575940634927096,4,sensor
720575940618286809,4,sensor
720575940613140186,4,sensor
720575940641957595,4,sensor
720575940630949596,4,sensor
720575940613152474,4,sensor
720575940638609118,4,sensor
720575940623619805,4,sensor
720575940618088153,4,sensor
720575940616136415,4,sensor
720575940632714977,4,sensor
720575940634455778,4,sensor
720575940634320610,4,sensor
720575940638656228,4,sensor
720575940628563688,4,sensor
720575940623855338,4,sensor
720575940625549036,4,sensor
720575940614606573,4,sensor
720575940614037229,4,sensor
720575940623884012,4,sensor
720575940625467116,4,sensor
720575940613144306,4,sensor
720575940629135097,4,sensor
720575940629087996,4,sensor
720575940629137148,4,sensor
720575940624178943,4,sensor
720575940630966016,4,sensor
720575940631019264,4,sensor
720575940609677065,4,sensor
720575940627924746,4,sensor
720575940609836811,4,sensor
720575940625702670,4,sensor
720575940630605583,4,sensor
720575940629948176,4,sensor
720575940629884688,4,sensor
720575940628715285,4,sensor
720575940613478166,4,sensor
720575940624006936,4,sensor
720575940635041561,4,sensor
720575940627189534,4,sensor
720575940617287458,4,sensor
720575940645308196,4,sensor
720575940626949925,4,sensor
720575940624248614,4,sensor
720575940629772074,4,sensor
720575940627861291,4,sensor
720575940631095084,4,sensor
720575940633808685,4,sensor
720575940631123759,4,sensor
720575940620330801,4,sensor
720575940640263989,4,sensor
720575940640053045,4,sensor
720575940619548470,4,sensor
720575940633005880,4,sensor
720575940632475449,4,sensor
720575940627081022,4,sensor
720575940615663426,4,sensor
720575940614311746,4,sensor
720575940611067716,4,sensor
720575940619435845,4,sensor
720575940621780812,4,sensor
720575940640216910,4,sensor
720575940621006672,4,sensor
720575940633007953,4,sensor
720575940620818261,4,sensor
720575940626120537,4,sensor
720575940638060378,4,sensor
720575940608610140,4,sensor
720575940616873821,4,sensor
720575940616990557,4,sensor
720575940635504480,4,sensor
720575940627210084,4,sensor
720575940632772456,4,sensor
720575940616124266,4,sensor
720575940636280683,4,sensor
720575940615710570,4,sensor
720575940637734768,4,sensor
720575940612620145,4,sensor
720575940650758009,4,sensor
720575940650149753,4,sensor
720575940623452028,4,sensor
720575940623499132,4,sensor
720575940622696319,4,sensor
720575940621782911,4,sensor
720575940622729087,4,sensor
720575940620754815,4,sensor
720575940638644096,4,sensor
720575940620873607,4,sensor
720575940615233419,4,sensor
720575940617414539,4,sensor
720575940642916237,4,sensor
720575940637187982,4,sensor
720575940626683792,4,sensor
720575940623126419,4,sensor
720575940613017493,4,sensor
720575940627996568,4,sensor
720575940630146971,4,sensor
720575940616132509,4,sensor
720575940644646816,4,sensor
720575940615432098,4,sensor
720575940615307170,4,sensor
720575940632723364,4,sensor
720575940619194277,4,sensor
720575940626796456,4,sensor
720575940603817900,4,sensor
720575940605820844,4,sensor
720575940637671342,4,sensor
720575940613189555,4,sensor
720575940625037239,4,sensor
720575940625776568,4,sensor
720575940627255226,4,sensor
720575940624250812,4,sensor
720575940620871616,4,sensor
720575940606685129,4,sensor
720575940620781515,4,sensor
720575940624017357,4,sensor
720575940612440014,4,sensor
720575940632106959,4,sensor
720575940611913682,4,sensor
720575940610056149,4,sensor
720575940642523099,4,sensor
720575940638167006,4,sensor
720575940637368286,4,sensor
720575940613631973,4,sensor
720575940624537578,4,sensor
720575940625033196,4,sensor
720575940629352433,4,sensor
720575940625956851,4,sensor
720575940653553654,4,sensor
720575940636307448,4,sensor
720575940631279609,4,sensor
720575940631418875,4,sensor
720575940624236543,4,sensor
720575940643591368,5,sensor
720575940622688895,6,sensor
720575940639761024,7,sensor
720575940623770760,8,sensor
720575940640845731,9,sensor
720575940647890996,10,sensor
720575940629786624,11,motor
720575940631011328,11,sensor
720575940615999489,11,sensor
720575940628695043,11,inter
720575940627146756,11,motor
720575940622010373,11,motor
720575940620918789,11,sensor
720575940608188427,11,motor
720575940631072783,11,motor
720575940631117842,11,inter
720575940620300308,11,motor
720575940627558421,11,inter
720575940624154648,11,sensor
720575940643315748,11,motor
720575940624891941,11,sensor
720575940622506022,11,motor
720575940613144616,11,sensor
720575940609488942,11,motor
720575940625852464,11,motor
720575940646682676,11,motor
720575940638496821,11,motor
720575940632043576,11,motor
720575940631715896,11,motor
720575940639242303,11,inter
720575940631517251,11,sensor
720575940630810695,11,inter
720575940627286088,11,motor
720575940627826760,11,motor
720575940621647948,11,sensor
720575940628883535,11,motor
720575940620001360,11,sensor
720575940616570966,11,motor
720575940639123544,11,motor
720575940640100440,11,inter
720575940637902938,11,inter
720575940634617952,11,motor
720575940610236514,11,sensor
720575940629532777,11,sensor
720575940620689517,11,inter
720575940645556334,11,motor
720575940611610737,11,motor
720575940620836988,11,sensor
720575940629239934,11,motor
720575940641173632,11,motor
720575940606564482,11,motor
720575940641276045,11,sensor
720575940637464718,11,sensor
720575940625518736,11,motor
720575940626694288,11,sensor
720575940625336464,11,sensor
720575940616923281,11,motor
720575940624101524,11,motor
720575940614432918,11,motor
720575940615043222,11,motor
720575940617296029,11,motor
720575940616169629,11,sensor
720575940614963359,11,motor
720575940639170723,11,motor
720575940620714150,11,motor
720575940611516586,11,sensor
720575940604737708,11,sensor
720575940621068464,11,motor
720575940611477683,11,inter
720575940619610294,11,inter
720575940625905848,11,motor
720575940626006200,11,sensor
720575940615715003,11,motor
720575940615655611,11,motor
720575940621326529,11,sensor
720575940620464321,11,inter
720575940610439363,11,sensor
720575940641706184,11,inter
720575940611008718,11,motor
720575940631091407,11,motor
720575940613992657,11,inter
720575940610472146,11,motor
720575940621392086,11,sensor
720575940617089241,11,motor
720575940628916444,11,sensor
720575940633293025,11,motor
720575940638204132,11,motor
720575940612036837,11,motor
720575940616915174,11,motor
720575940623689959,11,sensor
720575940623554796,11,sensor
720575940641480949,11,motor
720575940630657271,11,inter
720575940629702905,11,sensor
720575940631625979,11,sensor
720575940629870843,11,sensor
720575940627871996,11,inter
720575940613798142,11,inter
720575940623067389,11,sensor
720575940629981440,11,sensor
720575940627683588,11,motor
720575940626831620,11,motor
720575940627204362,11,motor
720575940631122191,11,motor
720575940628789525,11,inter
720575940633227545,11,inter
720575940621766938,11,sensor
720575940621519130,11,motor
720575940627167516,11,motor
720575940627493148,11,motor
720575940627087646,11,motor
720575940633157919,11,motor
720575940621457690,11,inter
720575940622147873,11,motor
720575940616012061,11,sensor
720575940627849515,11,sensor
720575940630135084,11,motor
720575940647029044,11,motor
720575940639314229,11,motor
720575940645972276,11,inter
720575940618058048,11,motor
720575940620362049,11,sensor
720575940617826629,11,sensor
720575940631714119,11,motor
720575940623702345,11,motor
720575940628830538,11,sensor
720575940631333195,11,motor
720575940622500172,11,motor
720575940633901395,11,inter
720575940633268575,11,sensor
720575940610357602,11,sensor
720575940627253604,11,inter
720575940628494695,11,inter
720575940630665580,11,inter
720575940645538158,11,motor
720575940645282158,11,motor
720575940630126966,11,motor
720575940629780858,11,motor
720575940629139834,11,sensor
720575940626289021,11,inter
720575940616946065,11,motor
720575940614740374,11,motor
720575940613501337,11,motor
720575940634560922,11,motor
720575940628627867,11,motor
720575940628136347,11,inter
720575940638677411,11,sensor
720575940614373799,11,inter
720575940637843886,11,motor
720575940614570415,11,motor
720575940620431798,11,sensor
720575940624890296,11,sensor
720575940629574082,11,motor
720575940609376707,11,motor
720575940629240263,11,motor
720575940643543496,11,inter
720575940625502666,11,sensor
720575940611385806,11,sensor
720575940640178640,11,inter
720575940611813842,11,motor
720575940632803795,11,sensor
720575940622027222,11,motor
720575940618131928,11,inter
720575940618273241,11,motor
720575940641585627,11,motor
720575940623426013,11,inter
720575940613458403,11,inter
720575940624163303,11,motor
720575940621777390,11,motor
720575940653480438,11,motor
720575940628873722,11,inter
720575940629064186,11,sensor
720575940616702465,11,sensor
720575940629961219,11,sensor
720575940628455942,11,inter
720575940623817223,11,motor
720575940623632904,11,sensor
720575940616471052,11,motor
720575940625099278,11,motor
720575940624712206,11,inter
720575940626125331,11,sensor
720575940620298772,11,motor
720575940644438551,11,motor
720575940624579100,11,sensor
720575940632713759,11,motor
720575940624323110,11,motor
720575940623764007,11,motor
720575940613339688,11,inter
720575940614681128,11,motor
720575940610605614,11,motor
720575940633145903,11,inter
720575940625871408,11,motor
720575940613958194,11,motor
720575940614087219,11,motor
720575940630618680,11,motor
720575940637661759,11,motor
720575940627845704,11,motor
720575940617818708,11,sensor
720575940639425112,11,motor
720575940637078106,11,sensor
720575940622105182,11,sensor
720575940635146848,11,inter
720575940611164770,11,inter
720575940625400420,11,sensor
720575940614412906,11,sensor
720575940635206251,11,inter
720575940621875821,11,motor
720575940644639342,11,motor
720575940611746418,11,motor
720575940620171892,11,sensor
720575940620642940,11,motor
720575940623229564,11,inter
720575940605876866,11,sensor
720575940626240131,11,sensor
720575940623084170,11,motor
720575940635970190,11,sensor
720575940625050256,11,motor
720575940634428058,11,motor
720575940627980955,11,sensor
720575940635355804,11,motor
720575940635202204,11,inter
720575940615484063,11,motor
720575940613870242,11,motor
720575940633631396,11,sensor
720575940632042148,11,inter
720575940619403942,11,sensor
720575940632943277,11,inter
720575940606726834,11,sensor
720575940622361270,11,motor
720575940625420986,11,motor
720575940625048250,11,sensor
720575940621779661,11,sensor
720575940640096976,11,motor
720575940614138577,11,motor
720575940610075346,11,sensor
720575940622066390,11,motor
720575940630309591,11,motor
720575940630379223,11,motor
720575940613339875,11,motor
720575940612033253,11,inter
720575940612537061,11,motor
720575940624231143,11,motor
720575940637635305,11,motor
720575940623637226,11,motor
720575940624366315,11,motor
720575940611207922,11,sensor
720575940622633716,11,motor
720575940650357494,11,motor
720575940631022336,11,motor
720575940617243393,11,sensor
720575940626203394,11,sensor
720575940627841795,11,sensor
720575940617720577,11,sensor
720575940622791429,11,inter
720575940628290307,11,sensor
720575940624280328,11,motor
720575940607982345,11,inter
720575940622859021,11,motor
720575940622945037,11,sensor
720575940632464146,11,inter
720575940626889491,11,motor
720575940627368723,11,motor
720575940622263066,11,motor
720575940617444130,11,motor
720575940646353699,11,inter
720575940644758308,11,motor
720575940642894628,11,motor
720575940624861989,11,sensor
720575940624986919,11,motor
720575940625718053,11,sensor
720575940623338281,11,motor
720575940612227880,11,sensor
720575940629312300,11,motor
720575940629490476,11,motor
720575940629539628,11,inter
720575940631759663,11,motor
720575940647945012,11,sensor
720575940632380216,11,sensor
720575940616026939,11,sensor
720575940638526278,11,inter
720575940623166284,11,inter
720575940619948880,11,motor
720575940607982428,11,motor
720575940625990500,11,inter
720575940635872101,11,motor
720575940636361573,11,motor
720575940628478823,11,inter
720575940634172267,11,sensor
720575940636343147,11,inter
720575940649591673,11,motor
720575940649577337,11,inter
720575940627463043,11,inter
720575940626717573,11,sensor
720575940637565838,11,motor
720575940635599758,11,motor
720575940625458064,11,sensor
720575940634295191,11,motor
720575940619549598,11,motor
720575940644641696,11,sensor
720575940632308644,11,inter
720575940621835174,11,motor
720575940622932905,11,motor
720575940606852018,11,motor
720575940606391218,11,motor
720575940620356545,11,inter
720575940629900226,11,motor
720575940627139530,11,motor
720575940631542732,11,sensor
720575940634061779,11,sensor
720575940617917396,11,motor
720575940629547991,11,sensor
720575940617190361,11,motor
720575940617399257,11,motor
720575940604470240,11,inter
720575940633095137,11,motor
720575940612572131,11,inter
720575940625673196,11,motor
720575940620860398,11,motor
720575940621665263,11,inter
720575940611638258,11,sensor
720575940621319156,11,motor
720575940636656632,11,motor
720575940624710653,11,inter
720575940614595582,11,inter
720575940614358014,11,inter
720575940623182847,11,motor
720575940617432065,11,motor
720575940628694019,11,sensor
720575940626140164,11,inter
720575940623455239,11,motor
720575940630644727,11,inter
720575940628706325,11,inter
720575940645989399,11,sensor
720575940617796642,11,inter
720575940643789860,11,sensor
720575940628034603,11,sensor
720575940647228468,11,motor
720575940633011256,11,sensor
720575940631168057,11,motor
720575940617303099,11,motor
720575940629883971,11,sensor
720575940628321352,11,sensor
720575940621007952,11,inter
720575940625454162,11,motor
720575940632804435,11,motor
720575940632722515,11,motor
720575940621065301,11,motor
720575940626609234,11,sensor
720575940635591776,11,motor
720575940634528864,11,motor
720575940627891305,11,inter
720575940629437545,11,inter
720575940634756203,11,motor
720575940614403178,11,motor
720575940635028591,11,motor
720575940629812346,11,motor
720575940620842111,11,motor
720575940640978048,11,motor
720575940647586948,11,motor
720575940623387786,11,inter
720575940625878160,11,motor
720575940618165393,11,inter
720575940616604817,11,sensor
720575940624434323,11,motor
720575940612488341,11,motor
720575940634459290,11,motor
720575940633992346,11,motor
720575940634260636,11,sensor
720575940618284190,11,sensor
720575940644541600,11,inter
720575940614730914,11,motor
720575940614581410,11,motor
720575940633705636,11,inter
720575940627094696,11,sensor
720575940621929641,11,motor
720575940620541099,11,motor
720575940606112940,11,motor
720575940613303471,11,sensor
720575940620258480,11,motor
720575940622281904,11,sensor
720575940625054906,11,sensor
720575940615623867,11,motor
720575940639198397,11,motor
720575940635540671,11,sensor
720575940634743999,11,sensor
720575940620657857,11,motor
720575940630334658,11,motor
720575940627514567,11,inter
720575940627578055,11,sensor
720575940626162890,11,motor
720575940633529548,11,motor
720575940610995410,11,motor
720575940633308371,11,motor
720575940633316563,11,inter
720575940630140119,11,sensor
720575940637388004,11,motor
720575940627866856,11,motor
720575940623355114,11,motor
720575940623443179,11,sensor
720575940619681006,11,motor
720575940620119279,11,motor
720575940636167416,11,inter
720575940625132797,11,inter
720575940614386942,11,inter
720575940623004933,11,sensor
720575940623650055,11,sensor
720575940608339209,11,inter
720575940633333017,11,motor
720575940627447068,11,sensor
720575940618958109,11,inter
720575940606461216,11,motor
720575940646526243,11,motor
720575940623385894,11,motor
720575940632847661,11,motor
720575940631483695,11,motor
720575940630291767,11,motor
720575940629177655,11,inter
720575940629957943,11,sensor
720575940629845303,11,inter
720575940628360506,11,inter
720575940629792060,11,motor
720575940620537153,11,motor
720575940610549060,11,motor
720575940619138373,11,sensor
720575940637711686,11,sensor
720575940624121161,11,motor
720575940640425294,11,sensor
720575940620082512,11,motor
720575940627162450,11,sensor
720575940615808342,11,sensor
720575940608144732,11,motor
720575940607774044,11,inter
720575940623478115,11,motor
720575940615757162,11,inter
720575940635211115,11,inter
720575940619625837,11,motor
720575940645258606,11,motor
720575940620326253,11,sensor
720575940612990321,11,motor
720575940613891442,11,sensor
720575940637126007,11,motor
720575940620012923,11,sensor
720575940627096957,11,motor
720575940629304702,11,motor
720575940648570244,11,inter
720575940624209288,11,sensor
720575940632126860,11,sensor
720575940642422157,11,motor
720575940643112333,11,motor
720575940641553805,11,sensor
720575940630657015,11,sensor
720575940614352278,11,motor
720575940612603289,11,motor
720575940629067163,11,inter
720575940633396636,11,sensor
720575940632409500,11,sensor
720575940618216862,11,inter
720575940615036319,11,sensor
720575940644494752,11,motor
720575940655013281,11,motor
720575940639542691,11,sensor
720575940619453861,11,sensor
720575940619998630,11,motor
720575940613524903,11,sensor
720575940620283307,11,inter
720575940637515182,11,sensor
720575940620561840,11,motor
720575940636036532,11,sensor
720575940623107509,11,sensor
720575940616449465,11,sensor
720575940624534972,11,inter
720575940635837887,11,inter
720575940621694401,11,sensor
720575940629560770,11,sensor
720575940611292622,11,inter
720575940622161366,11,motor
720575940619245016,11,inter
720575940617792985,11,sensor
720575940616807897,11,sensor
720575940629229020,11,sensor
720575940625741287,11,inter
720575940624897516,11,motor
720575940625673708,11,inter
720575940611675634,11,inter
720575940624152051,11,motor
720575940631617017,11,motor
720575940628102652,11,motor
720575940625159677,11,sensor
720575940617281025,11,sensor
720575940628459011,11,motor
720575940607667723,11,sensor
720575940630658578,11,sensor
720575940628360723,11,motor
720575940626748949,11,sensor
720575940645047831,11,motor
720575940623019544,11,motor
720575940627015196,11,motor
720575940626445852,11,inter
720575940626083356,11,inter
720575940627629598,11,motor
720575940622089761,11,inter
720575940631705130,11,motor
720575940630550058,11,motor
720575940633640493,11,motor
720575940631959097,11,motor
720575940639112765,11,motor
720575940626112062,11,sensor
720575940638168639,11,inter
720575940618249797,11,inter
720575940638989894,11,motor
720575940626138701,11,motor
720575940629005903,11,motor
720575940614461014,11,sensor
720575940639182424,11,sensor
720575940620093019,11,motor
720575940610621026,11,motor
720575940622552675,11,motor
720575940610209378,11,sensor
720575940636034661,11,motor
720575940615868010,11,sensor
720575940629489260,11,sensor
720575940646518382,11,inter
720575940644791918,11,motor
720575940636999280,11,inter
720575940620686964,11,sensor
720575940620678772,11,sensor
720575940629730934,11,inter
720575940635735671,11,inter
720575940616390261,11,sensor
720575940607170178,11,motor
720575940608145026,11,inter
720575940624391816,11,sensor
720575940628264585,11,motor
720575940631365260,11,sensor
720575940635967118,11,motor
720575940616504977,11,motor
720575940613635737,11,inter
720575940628709019,11,motor
720575940616169117,11,sensor
720575940619191966,11,motor
720575940614428319,11,sensor
720575940656062113,11,inter
720575940652922529,11,sensor
720575940613944994,11,inter
720575940633556644,11,sensor
720575940621334181,11,motor
720575940621057702,11,inter
720575940613473959,11,sensor
720575940655011489,11,inter
720575940622018217,11,sensor
720575940604458668,11,motor
720575940620664496,11,sensor
720575940607155890,11,inter
720575940612337331,11,inter
720575940612218547,11,sensor
720575940623533749,11,motor
720575940626085562,11,motor
720575940637308605,11,motor
720575940620494529,11,inter
720575940629378754,11,motor
720575940622517956,11,sensor
720575940628238023,11,sensor
720575940626968266,11,inter
720575940625477322,11,motor
720575940633593548,11,inter
720575940633179852,11,sensor
720575940613981905,11,sensor
720575940610899666,11,inter
720575940616888020,11,sensor
720575940609097429,11,motor
720575940609959637,11,inter
720575940642549467,11,motor
720575940642506459,11,inter
720575940637210334,11,sensor
720575940637607646,11,sensor
720575940604729056,11,motor
720575940632962786,11,motor
720575940611981029,11,motor
720575940623083242,11,sensor
720575940620746478,11,motor
720575940619738863,11,sensor
720575940628137713,11,sensor
720575940624525043,11,sensor
720575940621319924,11,motor
720575940631623417,11,sensor
720575940628842240,11,inter
720575940628891396,11,motor
720575940623453959,11,motor
720575940624447240,11,motor
720575940607725321,11,sensor
720575940622898957,11,motor
720575940622143245,11,sensor
720575940631967506,11,motor
720575940628586261,11,sensor
720575940644968215,11,motor
720575940622538520,11,sensor
720575940621475610,11,motor
720575940617760539,11,motor
720575940617955099,11,inter
720575940627367708,11,inter
720575940613408552,11,sensor
720575940629327659,11,sensor
720575940617727793,11,sensor
720575940646068020,11,inter
720575940640325429,11,motor
720575940629995319,11,inter
720575940631283512,11,motor
720575940631721785,11,motor
720575940631082808,11,sensor
720575940626569018,11,inter
720575940627033918,11,sensor
720575940625561406,11,motor
720575940615626562,11,motor
720575940619134789,11,inter
720575940628805448,11,inter
720575940638803790,11,motor
720575940631547729,11,inter
720575940627787609,11,motor
720575940627537753,11,inter
720575940626433881,11,motor
720575940610652002,11,motor
720575940604690278,11,sensor
720575940614059882,11,motor
720575940635166571,11,motor
720575940630114156,11,motor
720575940610389873,11,sensor
720575940638668659,11,sensor
720575940621213556,11,inter
720575940630040438,11,sensor
720575940630607738,11,motor
720575940622266236,11,motor
720575940630652798,11,sensor
720575940626730883,11,motor
720575940619636615,11,motor
720575940619896711,11,inter
720575940641904525,11,inter
720575940613019541,11,motor
720575940627976088,11,sensor
720575940617226141,11,sensor
720575940620474278,11,inter
720575940619866027,11,sensor
720575940605513649,11,motor
720575940605777841,11,inter
720575940604870577,11,sensor
720575940622219190,11,inter
720575940610211779,11,sensor
720575940619530187,11,motor
720575940630085583,11,sensor
720575940611735514,11,motor
720575940640608219,11,sensor
720575940616376287,11,motor
720575940616286175,11,sensor
720575940637341668,11,motor
720575940623697898,11,motor
720575940623110123,11,sensor
720575940620124143,11,inter
720575940622168052,11,motor
720575940629428215,11,motor
720575940635211768,11,inter
720575940635406944,12,sensor
720575940628077568,13,sensor
720575940628914692,13,sensor
720575940623788040,13,sensor
720575940627480586,13,sensor
720575940628181520,13,sensor
720575940632403986,13,sensor
720575940621256212,13,sensor
720575940627927573,13,sensor
720575940620235796,13,inter
720575940622368792,13,sensor
720575940633212441,13,sensor
720575940633483807,13,sensor
720575940603985952,13,sensor
720575940621762081,13,sensor
720575940618757666,13,sensor
720575940617537570,13,sensor
720575940644362788,13,sensor
720575940631586858,13,sensor
720575940632416298,13,sensor
720575940631105580,13,sensor
720575940630571052,13,sensor
720575940610669614,13,sensor
720575940628609579,13,inter
720575940630945335,13,sensor
720575940628200506,13,sensor
720575940626143806,13,sensor
720575940638633535,13,sensor
720575940636873791,13,sensor
720575940638288447,13,sensor
720575940627223614,13,inter
720575940611079236,13,sensor
720575940617586757,13,sensor
720575940608199748,13,sensor
720575940625251401,13,sensor
720575940628059722,13,sensor
720575940631899223,13,sensor
720575940639017050,13,sensor
720575940621298270,13,sensor
720575940622054497,13,sensor
720575940631287912,13,sensor
720575940627772009,13,sensor
720575940616169578,13,sensor
720575940630546540,13,sensor
720575940612907121,13,sensor
720575940635082871,13,sensor
720575940610157688,13,sensor
720575940627844734,13,sensor
720575940659611777,13,sensor
720575940660217473,13,sensor
720575940648650884,13,sensor
720575940617668747,13,sensor
720575940631423116,13,sensor
720575940636241550,13,sensor
720575940637666446,13,sensor
720575940637633678,13,sensor
720575940634034839,13,sensor
720575940612284569,13,sensor
720575940617552541,13,sensor
720575940618295454,13,sensor
720575940615594658,13,sensor
720575940621061285,13,sensor
720575940613579943,13,sensor
720575940611372714,13,sensor
720575940637526190,13,sensor
720575940613419695,13,sensor
720575940606751922,13,sensor
720575940611022515,13,sensor
720575940636576948,13,sensor
720575940616079035,13,sensor
720575940606762686,13,sensor
720575940610408643,13,sensor
720575940631630021,13,sensor
720575940629011655,13,sensor
720575940619411147,13,sensor
720575940612475598,13,sensor
720575940614944977,13,sensor
720575940634156755,13,inter
720575940618385620,13,sensor
720575940608241365,13,sensor
720575940608845525,13,sensor
720575940618308825,13,sensor
720575940640971995,13,sensor
720575940641593051,13,sensor
720575940623636701,13,sensor
720575940615303391,13,sensor
720575940614727903,13,sensor
720575940604431584,13,sensor
720575940624770791,13,sensor
720575940623875819,13,sensor
720575940623444715,13,sensor
720575940614756589,13,sensor
720575940620467438,13,sensor
720575940621398254,13,sensor
720575940620465904,13,sensor
720575940627035388,13,sensor
720575940625056509,13,sensor
720575940623547133,13,sensor
720575940627160322,13,sensor
720575940628914436,13,sensor
720575940628524292,13,sensor
720575940627690246,13,sensor
720575940616824588,13,sensor
720575940627708688,13,sensor
720575940627605779,13,sensor
720575940626624275,13,sensor
720575940627737365,13,sensor
720575940623000858,13,sensor
720575940622070554,13,sensor
720575940624450342,13,sensor
720575940624001321,13,sensor
720575940632198442,13,sensor
720575940632197930,13,sensor
720575940615073587,13,sensor
720575940644961588,13,sensor
720575940619337536,13,sensor
720575940620565313,13,sensor
720575940631619921,13,sensor
720575940628343634,13,sensor
720575940619895125,13,sensor
720575940625784153,13,sensor
720575940638128474,13,sensor
720575940620437339,13,sensor
720575940631538028,13,sensor
720575940619928429,13,sensor
720575940611379569,13,sensor
720575940612732273,13,sensor
720575940630024566,13,sensor
720575940637056887,13,sensor
720575940636316023,13,inter
720575940631497078,13,sensor
720575940630770042,13,sensor
720575940630183286,13,sensor
720575940618561403,13,sensor
720575940621939071,13,motor
720575940628023685,13,sensor
720575940622920074,13,sensor
720575940632795532,13,sensor
720575940641606541,13,sensor
720575940617207185,13,sensor
720575940623913364,13,sensor
720575940612461461,13,sensor
720575940628467611,13,sensor
720575940613167007,13,sensor
720575940644704160,13,sensor
720575940615394719,13,sensor
720575940614238114,13,sensor
720575940656090017,13,sensor
720575940620541349,13,sensor
720575940612635050,13,motor
720575940633938349,13,sensor
720575940608124338,13,sensor
720575940633804212,13,sensor
720575940636489140,13,inter
720575940617205179,13,sensor
720575940634939327,13,sensor
720575940635945919,13,sensor
720575940635933119,13,sensor
720575940634773951,13,sensor
720575940606056905,13,sensor
720575940631930828,13,sensor
720575940623136717,13,sensor
720575940631975884,13,sensor
720575940630131663,13,sensor
720575940613489617,13,sensor
720575940611671506,13,sensor
720575940611944914,13,sensor
720575940610505170,13,sensor
720575940608970197,13,sensor
720575940610048981,13,sensor
720575940641592795,13,sensor
720575940623528925,13,sensor
720575940613590501,13,sensor
720575940618291174,13,inter
720575940628739560,13,sensor
720575940614429165,13,sensor
720575940613258221,13,sensor
720575940619931119,13,sensor
720575940624515571,13,sensor
720575940640804853,13,sensor
720575940640830453,13,sensor
720575940630247418,13,inter
720575940624057853,13,sensor
720575940623901695,13,sensor
720575940623017989,14,motor
720575940608716809,14,motor
720575940607017993,14,motor
720575940616018956,14,motor
720575940631381007,14,motor
720575940628826128,14,motor
720575940627275795,14,sensor
720575940619877396,14,motor
720575940628125715,14,motor
720575940622695448,14,motor
720575940633170969,14,sensor
720575940627312668,14,sensor
720575940625861660,14,motor
720575940626626597,14,motor
720575940615063592,14,motor
720575940623918121,14,motor
720575940610611246,14,sensor
720575940632305711,14,motor
720575940625737776,14,motor
720575940625874992,14,sensor
720575940626826288,14,motor
720575940647031860,14,motor
720575940631703608,14,motor
720575940631918649,14,motor
720575940632486969,14,motor
720575940626780222,14,motor
720575940626279486,14,motor
720575940619671616,14,motor
720575940616921152,14,sensor
720575940621833281,14,motor
720575940620262465,14,sensor
720575940610000964,14,sensor
720575940609937476,14,motor
720575940610677828,14,motor
720575940610679876,14,motor
720575940637936710,14,sensor
720575940632304711,14,motor
720575940630839371,14,motor
720575940619973712,14,motor
720575940631349335,14,motor
720575940638024794,14,motor
720575940608498780,14,motor
720575940617488477,14,motor
720575940629422183,14,sensor
720575940631989352,14,motor
720575940630667372,14,motor
720575940639769715,14,motor
720575940630691958,14,motor
720575940636346487,14,motor
720575940629778554,14,motor
720575940619076731,14,motor
720575940648180868,14,motor
720575940642428045,14,motor
720575940636685454,14,motor
720575940628225167,14,motor
720575940617629841,14,motor
720575940626960536,14,motor
720575940612606105,14,sensor
720575940635527322,14,motor
720575940619176094,14,motor
720575940655014049,14,motor
720575940620335269,14,motor
720575940621628582,14,motor
720575940619549867,14,sensor
720575940607377586,14,motor
720575940624986300,14,motor
720575940623211725,14,motor
720575940611502286,14,motor
720575940613527761,14,motor
720575940611958994,14,motor
720575940612208858,14,motor
720575940630461660,14,motor
720575940637656286,14,motor
720575940605890784,14,motor
720575940639152361,14,motor
720575940612558061,14,motor
720575940612423922,14,sensor
720575940652580086,14,motor
720575940626557186,14,motor
720575940627825923,14,motor
720575940627086594,14,motor
720575940628995331,14,motor
720575940625223944,14,motor
720575940616014092,14,motor
720575940623164685,14,motor
720575940630548751,14,sensor
720575940629564688,14,motor
720575940632047890,14,motor
720575940631293202,14,motor
720575940620359956,14,motor
720575940627418387,14,motor
720575940628780309,14,motor
720575940623037720,14,motor
720575940634090777,14,sensor
720575940633185567,14,motor
720575940605119776,14,motor
720575940621771041,14,motor
720575940644653348,14,motor
720575940623449382,14,motor
720575940624986407,14,motor
720575940623777065,14,inter
720575940633941293,14,motor
720575940625867056,14,motor
720575940620156209,14,motor
720575940616167730,14,sensor
720575940647560500,14,motor
720575940639339829,14,sensor
720575940628683063,14,sensor
720575940632029496,14,motor
720575940630233404,14,motor
720575940630232380,14,motor
720575940615672130,14,motor
720575940615671106,14,motor
720575940610001220,14,motor
720575940609922372,14,sensor
720575940632252743,14,motor
720575940627814728,14,motor
720575940627828040,14,motor
720575940638001498,14,motor
720575940621827419,14,sensor
720575940617494877,14,motor
720575940622054753,14,motor
720575940636541285,14,motor
720575940628755815,14,motor
720575940631994728,14,motor
720575940631939432,14,motor
720575940630664556,14,sensor
720575940645527918,14,motor
720575940640589171,14,motor
720575940640723315,14,motor
720575940630579574,14,motor
720575940660220289,14,motor
720575940607162754,14,motor
720575940660233601,14,motor
720575940659340673,14,motor
720575940646088068,14,sensor
720575940627383685,14,motor
720575940620031366,14,motor
720575940623314312,14,motor
720575940627739023,14,motor
720575940627779983,14,motor
720575940626856344,14,motor
720575940612686233,14,motor
720575940634301852,14,motor
720575940654057889,14,sensor
720575940614736290,14,sensor
720575940639831459,14,motor
720575940620274085,14,motor
720575940614660519,14,motor
720575940635596212,14,motor
720575940626672058,14,motor
720575940605707710,14,motor
720575940609957315,14,motor
720575940632659404,14,motor
720575940623193549,14,motor
720575940630991311,14,motor
720575940613838289,14,motor
720575940617097684,14,motor
720575940622624214,14,motor
720575940616864217,14,motor
720575940617393625,14,motor
720575940641648091,14,motor
720575940613640685,14,motor
720575940613687789,14,motor
720575940619771375,14,motor
720575940621261296,14,motor
720575940612438514,14,motor
720575940641366517,14,motor
720575940640978421,14,motor
720575940636165624,14,motor
720575940614572542,14,inter
720575940630164992,14,motor
720575940630951424,14,motor
720575940626557442,14,motor
720575940628995587,14,motor
720575940622026245,14,motor
720575940623164941,14,motor
720575940627429907,14,motor
720575940627410451,14,motor
720575940628815381,14,motor
720575940612906518,14,motor
720575940627044885,14,motor
720575940623154712,14,sensor
720575940618166811,14,motor
720575940624928284,14,sensor
720575940614954536,14,motor
720575940614768168,14,motor
720575940627916331,14,sensor
720575940625875504,14,motor
720575940625172016,14,sensor
720575940616194610,14,motor
720575940647030324,14,motor
720575940617787963,14,motor
720575940619114048,14,motor
720575940627847752,14,motor
720575940627828296,14,motor
720575940622493260,14,motor
720575940632134227,14,motor
720575940632839763,14,motor
720575940617493078,14,motor
720575940615811670,14,sensor
720575940639994456,14,motor
720575940626308697,14,sensor
720575940608500316,14,motor
720575940611167842,14,motor
720575940626295396,14,motor
720575940637578853,14,motor
720575940636552805,14,motor
720575940631999080,14,motor
720575940631997032,14,motor
720575940628668009,14,motor
720575940635202155,14,motor
720575940630589036,14,motor
720575940638604915,14,sensor
720575940630674038,14,motor
720575940629470838,14,sensor
720575940611442296,14,motor
720575940619042427,14,sensor
720575940618514043,14,motor
720575940648188548,14,motor
720575940620182151,14,motor
720575940620170887,14,sensor
720575940627182217,14,motor
720575940624023188,14,motor
720575940625813140,14,sensor
720575940634782359,14,motor
720575940612692633,14,sensor
720575940613307033,14,motor
720575940633796252,14,motor
720575940616791709,14,sensor
720575940643867296,14,motor
720575940644726432,14,motor
720575940644467360,14,motor
720575940614635175,14,motor
720575940628885160,14,motor
720575940636828334,14,motor
720575940623476407,14,motor
720575940624623287,14,motor
720575940626668218,14,motor
720575940616298171,14,motor
720575940625045180,14,motor
720575940639285949,14,motor
720575940621256384,14,sensor
720575940621569728,14,motor
720575940629111490,14,motor
720575940610482883,14,motor
720575940607272649,14,motor
720575940627099338,14,motor
720575940632726220,14,motor
720575940623209165,14,motor
720575940623192781,14,sensor
720575940631108303,14,motor
720575940633198284,14,motor
720575940623128269,14,motor
720575940623208141,14,motor
720575940631092943,14,motor
720575940609133269,14,motor
720575940619473624,14,sensor
720575940631365340,14,motor
720575940621736669,14,sensor
720575940638907108,14,motor
720575940611715813,14,motor
720575940617678566,14,motor
720575940624882407,14,sensor
720575940618594022,14,motor
720575940613563117,14,motor
720575940614291181,14,motor
720575940620780272,14,sensor
720575940612443890,14,motor
720575940639813365,14,sensor
720575940630771449,14,sensor
720575940624402173,14,inter
720575940629012227,14,motor
720575940624600840,14,motor
720575940627444490,14,motor
720575940623847181,14,sensor
720575940631319311,14,motor
720575940631340815,14,motor
720575940632407826,14,motor
720575940620353300,14,motor
720575940613154582,14,motor
720575940633277209,14,motor
720575940618539810,14,motor
720575940647075619,14,motor
720575940623381286,14,motor
720575940615059240,14,inter
720575940623322921,14,motor
720575940632960813,14,motor
720575940625870640,14,motor
720575940619097905,14,motor
720575940638103349,14,motor
720575940632030008,14,motor
720575940617298747,14,motor
720575940616217403,14,sensor
720575940639756093,14,motor
720575940638719807,14,motor
720575940610054980,14,motor
720575940618472261,14,motor
720575940638714694,14,motor
720575940627828552,14,motor
720575940627812168,14,motor
720575940629317450,14,sensor
720575940631406411,14,motor
720575940629024591,14,motor
720575940621047632,14,motor
720575940616848214,14,motor
720575940626961241,14,motor
720575940621399899,14,motor
720575940608451420,14,motor
720575940621538142,14,motor
720575940635179871,14,motor
720575940611160930,14,motor
720575940610803554,14,motor
720575940631982952,14,motor
720575940634210155,14,motor
720575940637218672,14,motor
720575940637216624,14,sensor
720575940637144944,14,motor
720575940630810486,14,motor
720575940649829241,14,motor
720575940619016059,14,motor
720575940622348156,14,sensor
720575940629805950,14,motor
720575940660223873,14,sensor
720575940621218694,14,motor
720575940620553094,14,motor
720575940627107721,14,motor
720575940633228172,14,motor
720575940616038294,14,motor
720575940634825623,14,motor
720575940618574749,14,motor
720575940620129182,14,motor
720575940615583647,14,motor
720575940644473760,14,motor
720575940615583650,14,motor
720575940632648612,14,motor
720575940632602532,14,sensor
720575940621818790,14,sensor
720575940622195625,14,motor
720575940620103595,14,motor
720575940615023535,14,motor
720575940606388146,14,sensor
720575940620673985,14,motor
720575940609407939,14,motor
720575940623535044,14,motor
720575940609423299,14,motor
720575940606866377,14,sensor
720575940625705930,14,motor
720575940626191306,14,motor
720575940623132621,14,motor
720575940633373651,14,motor
720575940633316307,14,motor
720575940618859480,14,motor
720575940630461404,14,motor
720575940630964188,14,motor
720575940615376863,14,motor
720575940615292895,14,motor
720575940613347299,14,motor
720575940623676394,14,motor
720575940624333802,14,motor
720575940623663084,14,motor
720575940621150191,14,motor
720575940612354034,14,motor
720575940631342073,14,motor
720575940630829051,14,motor
720575940626528252,14,motor
720575940628037105,15,sensor
720575940632788551,16,sensor
720575940613096362,17,sensor
720575940621372933,18,motor
720575940624987143,18,sensor
720575940609381897,18,sensor
720575940628405258,18,sensor
720575940614456332,18,motor
720575940629263888,18,motor
720575940628197392,18,motor
720575940627826206,18,sensor
720575940628522540,18,motor
720575940631083053,18,sensor
720575940632317997,18,motor
720575940639961653,18,sensor
720575940631964729,18,sensor
720575940632707129,18,sensor
720575940626248250,18,inter
720575940631057468,18,sensor
720575940639156799,18,sensor
720575940616362562,18,sensor
720575940638874182,18,sensor
720575940623747145,18,sensor
720575940632404555,18,sensor
720575940631416313,18,sensor
720575940633789011,18,sensor
720575940620327003,18,sensor
720575940616455261,18,sensor
720575940635847775,18,inter
720575940633550431,18,sensor
720575940620139105,18,sensor
720575940622057057,18,inter
720575940628030567,18,sensor
720575940629352041,18,sensor
720575940643487342,18,motor
720575940637051503,18,sensor
720575940611563633,18,sensor
720575940640789619,18,sensor
720575940622516852,18,sensor
720575940637291639,18,sensor
720575940660742785,18,motor
720575940606505090,18,sensor
720575940623976072,18,sensor
720575940614619282,18,motor
720575940624426643,18,sensor
720575940624411283,18,sensor
720575940623326868,18,sensor
720575940635601559,18,sensor
720575940640884899,18,sensor
720575940614416039,18,sensor
720575940628762280,18,sensor
720575940608235186,18,sensor
720575940608086194,18,sensor
720575940612943539,18,motor
720575940626000056,18,sensor
720575940618554041,18,sensor
720575940618209465,18,sensor
720575940635974335,18,sensor
720575940630778050,18,sensor
720575940630725826,18,sensor
720575940631673029,18,sensor
720575940644651208,18,sensor
720575940641486032,18,sensor
720575940611719378,18,sensor
720575940642602203,18,sensor
720575940642592475,18,sensor
720575940617907430,18,sensor
720575940612815597,18,sensor
720575940621711598,18,sensor
720575940622559476,18,sensor
720575940653577974,18,sensor
720575940627956471,18,motor
720575940636616952,18,sensor
720575940630668538,18,sensor
720575940630520059,18,inter
720575940625508610,18,sensor
720575940622584069,18,motor
720575940626497286,18,sensor
720575940629459718,18,motor
720575940622227213,18,sensor
720575940623139610,18,sensor
720575940622183194,18,motor
720575940647253795,18,sensor
720575940645389604,18,sensor
720575940623295783,18,sensor
720575940614544680,18,sensor
720575940614640936,18,sensor
720575940624043817,18,sensor
720575940613281064,18,motor
720575940612957480,18,sensor
720575940629821740,18,motor
720575940629866283,18,motor
720575940611563310,18,sensor
720575940632618287,18,sensor
720575940615212851,18,sensor
720575940632888633,18,sensor
720575940627194174,18,inter
720575940638892351,18,sensor
720575940619683648,18,sensor
720575940639126335,18,sensor
720575940616626498,18,sensor
720575940630715203,18,sensor
720575940639631686,18,sensor
720575940623317321,18,sensor
720575940640349518,18,sensor
720575940631562065,18,sensor
720575940626134354,18,motor
720575940620310357,18,motor
720575940631974743,18,sensor
720575940623132510,18,sensor
720575940623877475,18,sensor
720575940627285860,18,sensor
720575940637511525,18,sensor
720575940627344740,18,inter
720575940628834151,18,motor
720575940616171882,18,sensor
720575940629701484,18,motor
720575940622195572,18,sensor
720575940630436730,18,sensor
720575940620011899,18,sensor
720575940623463804,18,sensor
720575940626142077,18,motor
720575940622632831,18,sensor
720575940661289345,18,sensor
720575940626434435,18,sensor
720575940619559815,18,motor
720575940624089992,18,sensor
720575940626427792,18,sensor
720575940612967829,18,sensor
720575940615698326,18,sensor
720575940628006808,18,sensor
720575940615584162,18,sensor
720575940640311715,18,sensor
720575940615622050,18,sensor
720575940620030885,18,sensor
720575940623210409,18,sensor
720575940613686698,18,sensor
720575940622724521,18,sensor
720575940621596587,18,sensor
720575940615062447,18,sensor
720575940614820271,18,sensor
720575940635771316,18,motor
720575940622331830,18,sensor
720575940624722359,18,sensor
720575940627277754,18,sensor
720575940637899197,18,sensor
720575940605238206,18,sensor
720575940640163773,18,sensor
720575940621570496,18,sensor
720575940621477312,18,motor
720575940640141757,18,sensor
720575940624330180,18,sensor
720575940624469444,18,sensor
720575940624095172,18,motor
720575940607461321,18,sensor
720575940620827595,18,sensor
720575940633223116,18,sensor
720575940632469964,18,motor
720575940611403730,18,motor
720575940611935698,18,sensor
720575940631494099,18,motor
720575940608098261,18,inter
720575940623271894,18,sensor
720575940620720088,18,sensor
720575940619152856,18,motor
720575940612992986,18,sensor
720575940642602459,18,sensor
720575940612308963,18,motor
720575940613493733,18,sensor
720575940625550823,18,sensor
720575940614465517,18,sensor
720575940641791989,18,sensor
720575940642267637,18,sensor
720575940630624247,18,sensor
720575940631706105,18,sensor
720575940628062714,18,sensor
720575940625165821,18,sensor
720575940622435845,19,sensor
720575940628432400,20,sensor
720575940610704994,21,sensor
720575940615850646,22,sensor
720575940619423552,23,sensor
720575940618850049,24,sensor
720575940629914627,24,sensor
720575940623025413,24,sensor
720575940629077766,24,sensor
720575940609487369,24,sensor
720575940608044811,24,sensor
720575940616702732,24,sensor
720575940626071822,24,sensor
720575940629885456,24,sensor
720575940613740054,24,sensor
720575940613753878,24,sensor
720575940645393175,24,sensor
720575940634423833,24,sensor
720575940618716701,24,sensor
720575940618631197,24,sensor
720575940627930142,24,sensor
720575940647182371,24,sensor
720575940645703204,24,sensor
720575940626078759,24,sensor
720575940624070953,24,sensor
720575940633806893,24,sensor
720575940611524142,24,sensor
720575940633839405,24,sensor
720575940633240879,24,sensor
720575940616908082,24,sensor
720575940647664948,24,sensor
720575940639823413,24,sensor
720575940632503608,24,sensor
720575940619355200,24,sensor
720575940619286848,24,sensor
720575940622165825,24,sensor
720575940616583490,24,sensor
720575940629102410,24,sensor
720575940623371596,24,sensor
720575940626024781,24,sensor
720575940628244050,24,sensor
720575940627829586,24,sensor
720575940633668435,24,sensor
720575940638668378,24,sensor
720575940609136476,24,sensor
720575940635374176,24,sensor
720575940621752417,24,sensor
720575940619295585,24,sensor
720575940623904611,24,sensor
720575940627226468,24,sensor
720575940630266983,24,sensor
720575940615819114,24,sensor
720575940621933421,24,sensor
720575940646061678,24,sensor
720575940621862253,24,sensor
720575940613006961,24,sensor
720575940612976497,24,sensor
720575940612903793,24,sensor
720575940616734581,24,sensor
720575940611837560,24,sensor
720575940611380088,24,sensor
720575940611803000,24,sensor
720575940623334268,24,sensor
720575940630568830,24,sensor
720575940629895038,24,sensor
720575940641085312,24,sensor
720575940627563651,24,sensor
720575940627716229,24,sensor
720575940628343941,24,sensor
720575940624338056,24,sensor
720575940633136780,24,sensor
720575940633229196,24,sensor
720575940635747214,24,sensor
720575940624045203,24,sensor
720575940625454228,24,sensor
720575940624902296,24,sensor
720575940620020894,24,sensor
720575940616565663,24,sensor
720575940643099808,24,sensor
720575940644237216,24,sensor
720575940655234977,24,sensor
720575940656063905,24,sensor
720575940640827299,24,sensor
720575940614684066,24,sensor
720575940622053286,24,sensor
720575940627980968,24,sensor
720575940628880808,24,sensor
720575940618591403,24,sensor
720575940605911212,24,sensor
720575940621297835,24,sensor
720575940614237871,24,sensor
720575940604238513,24,sensor
720575940611543219,24,sensor
720575940624678581,24,sensor
720575940619730870,24,sensor
720575940616740539,24,sensor
720575940617262523,24,sensor
720575940637542077,24,sensor
720575940606775486,24,sensor
720575940635897535,24,sensor
720575940621460928,24,sensor
720575940621231809,24,sensor
720575940622895044,24,sensor
720575940624334276,24,sensor
720575940633256140,24,sensor
720575940632069583,24,sensor
720575940634317011,24,sensor
720575940642545115,24,sensor
720575940623257565,24,sensor
720575940638236126,24,sensor
720575940634638562,24,sensor
720575940613531365,24,sensor
720575940610761189,24,sensor
720575940637903081,24,sensor
720575940622558699,24,sensor
720575940625626348,24,sensor
720575940625460203,24,sensor
720575940614196205,24,sensor
720575940629476081,24,sensor
720575940624307187,24,sensor
720575940642389749,24,sensor
720575940653139190,24,sensor
720575940615429118,24,sensor
720575940623784959,24,sensor
720575940629487104,25,motor
720575940617304577,25,sensor
720575940627283460,25,sensor
720575940622312965,25,sensor
720575940629382150,25,sensor
720575940624401927,25,sensor
720575940629513222,25,sensor
720575940620916229,25,sensor
720575940630646799,25,sensor
720575940631135247,25,sensor
720575940629671952,25,sensor
720575940629704210,25,inter
720575940617446939,25,sensor
720575940618835995,25,sensor
720575940627706398,25,sensor
720575940633448479,25,sensor
720575940618284578,25,sensor
720575940645888547,25,sensor
720575940625237541,25,sensor
720575940624085030,25,sensor
720575940626630693,25,sensor
720575940614224424,25,sensor
720575940623885353,25,sensor
720575940632504874,25,sensor
720575940630978602,25,sensor
720575940631254060,25,sensor
720575940619878961,25,sensor
720575940616684594,25,sensor
720575940615013939,25,sensor
720575940646234676,25,sensor
720575940631615545,25,sensor
720575940632484409,25,sensor
720575940640650301,25,sensor
720575940609379396,25,sensor
720575940619046469,25,sensor
720575940608343620,25,inter
720575940633104967,25,sensor
720575940631946827,25,sensor
720575940632312907,25,sensor
720575940625992781,25,sensor
720575940639151694,25,sensor
720575940628307026,25,sensor
720575940632427603,25,sensor
720575940632262227,25,sensor
720575940620083797,25,sensor
720575940617613398,25,sensor
720575940634000979,25,motor
720575940640888408,25,sensor
720575940626099289,25,sensor
720575940638648922,25,sensor
720575940625082969,25,sensor
720575940620020827,25,motor
720575940621461598,25,sensor
720575940636153439,25,sensor
720575940610697826,25,sensor
720575940609781858,25,sensor
720575940623595619,25,sensor
720575940637350501,25,sensor
720575940605807206,25,inter
720575940628448359,25,sensor
720575940632526440,25,sensor
720575940628947047,25,sensor
720575940634675819,25,sensor
720575940635853931,25,sensor
720575940621898861,25,sensor
720575940620542068,25,sensor
720575940637226103,25,sensor
720575940649187961,25,sensor
720575940649181817,25,sensor
720575940630820474,25,sensor
720575940630502522,25,sensor
720575940622831740,25,sensor
720575940627657341,25,sensor
720575940622275199,25,sensor
720575940640787584,25,sensor
720575940661074561,25,sensor
720575940628059261,25,sensor
720575940619996294,25,sensor
720575940621047943,25,sensor
720575940624346760,25,sensor
720575940627348617,25,sensor
720575940624273919,25,sensor
720575940643312781,25,sensor
720575940635895438,25,sensor
720575940637689486,25,sensor
720575940617784465,25,sensor
720575940614358162,25,sensor
720575940615553170,25,sensor
720575940623618708,25,motor
720575940627475096,25,sensor
720575940615743650,25,sensor
720575940633572004,25,sensor
720575940621724326,25,sensor
720575940620124326,25,sensor
720575940615046311,25,sensor
720575940621467819,25,sensor
720575940633486509,25,sensor
720575940636130990,25,sensor
720575940634017453,25,sensor
720575940619944112,25,sensor
720575940622122672,25,sensor
720575940613126835,25,sensor
720575940636235444,25,sensor
720575940624548021,25,sensor
720575940624982202,25,sensor
720575940605508286,25,sensor
720575940630352066,25,sensor
720575940630810306,25,sensor
720575940631999685,25,sensor
720575940614936774,25,motor
720575940620303563,25,sensor
720575940623384781,25,sensor
720575940641223888,25,sensor
720575940611550418,25,sensor
720575940630259927,25,sensor
720575940618282201,25,sensor
720575940641812699,25,sensor
720575940631341788,25,sensor
720575940623401693,25,sensor
720575940637033182,25,sensor
720575940633923298,25,sensor
720575940613527779,25,sensor
720575940610404581,25,motor
720575940624931564,25,sensor
720575940625528556,25,sensor
720575940621345006,25,sensor
720575940620807919,25,sensor
720575940621699823,25,sensor
720575940625959667,25,inter
720575940653330678,25,sensor
720575940653093110,25,inter
720575940636024056,25,sensor
720575940630036218,25,sensor
720575940629153020,25,sensor
720575940624731901,25,sensor
720575940615481598,25,inter
720575940629548800,25,sensor
720575940631147776,25,sensor
720575940627502338,25,sensor
720575940629318918,25,sensor
720575940625000200,25,sensor
720575940607869193,25,sensor
720575940627949834,25,sensor
720575940607999755,25,sensor
720575940615963916,25,sensor
720575940628031249,25,sensor
720575940626783507,25,sensor
720575940628813077,25,sensor
720575940622344472,25,sensor
720575940633376025,25,sensor
720575940618898715,25,sensor
720575940627190556,25,sensor
720575940618648349,25,sensor
720575940632780063,25,sensor
720575940605238048,25,sensor
720575940618190626,25,sensor
720575940645906211,25,sensor
720575940644651812,25,sensor
720575940647311651,25,sensor
720575940647441187,25,sensor
720575940618637090,25,sensor
720575940615067432,25,sensor
720575940626979621,25,sensor
720575940633806637,25,sensor
720575940611597102,25,sensor
720575940631717167,25,sensor
720575940632319277,25,sensor
720575940614457651,25,sensor
720575940620008758,25,sensor
720575940619991862,25,sensor
720575940632206649,25,sensor
720575940632496441,25,sensor
720575940628743496,25,sensor
720575940624806217,25,sensor
720575940633327953,25,sensor
720575940633656147,25,sensor
720575940631620951,25,sensor
720575940616770909,25,sensor
720575940635690335,25,sensor
720575940622115681,25,sensor
720575940605191526,25,sensor
720575940628587879,25,sensor
720575940629148007,25,sensor
720575940632199528,25,sensor
720575940631441256,25,sensor
720575940613214058,25,sensor
720575940618681709,25,sensor
720575940636972400,25,sensor
720575940638113136,25,sensor
720575940640470387,25,sensor
720575940640270195,25,sensor
720575940622490484,25,sensor
720575940637169015,25,sensor
720575940622225791,25,sensor
720575940641015168,25,sensor
720575940659799937,25,sensor
720575940640857984,25,sensor
720575940608152962,25,sensor
720575940627436933,25,sensor
720575940620159366,25,sensor
720575940626928521,25,sensor
720575940627756937,25,sensor
720575940617422731,25,sensor
720575940643231117,25,sensor
720575940630246905,25,sensor
720575940625691024,25,sensor
720575940624943504,25,sensor
720575940614217622,25,sensor
720575940635449239,25,sensor
720575940615799190,25,sensor
720575940635960730,25,sensor
720575940628438427,25,sensor
720575940619714462,25,sensor
720575940616545695,25,sensor
720575940640722851,25,sensor
720575940621997478,25,sensor
720575940621764518,25,sensor
720575940627341736,25,sensor
720575940621555622,25,sensor
720575940632306605,25,sensor
720575940604813233,25,sensor
720575940622581173,25,motor
720575940618068409,25,sensor
720575940626477498,25,sensor
720575940631468485,25,sensor
720575940616363974,25,sensor
720575940616530374,25,sensor
720575940612392398,25,sensor
720575940613529041,25,motor
720575940608552405,25,sensor
720575940620522968,25,sensor
720575940613091290,25,sensor
720575940613099482,25,sensor
720575940629456860,25,sensor
720575940615933919,25,sensor
720575940604814816,25,sensor
720575940633151457,25,sensor
720575940634612194,25,sensor
720575940634230241,25,sensor
720575940639209956,25,sensor
720575940636873705,25,sensor
720575940619612142,25,sensor
720575940620021231,25,sensor
720575940627906033,25,sensor
720575940625703923,25,inter
720575940631145977,25,sensor
720575940628315642,25,sensor
720575940628535804,25,sensor
720575940623997949,25,sensor
720575940622726143,25,sensor
720575940616673734,26,sensor
720575940624112787,27,sensor
720575940629160442,28,sensor
720575940624019082,29,sensor
720575940629415936,30,motor
720575940626693130,30,motor
720575940631062543,30,inter
720575940630758418,30,motor
720575940621400084,30,inter
720575940627949589,30,motor
720575940622697496,30,motor
720575940623916071,30,sensor
720575940614236200,30,motor
720575940631282732,30,motor
720575940616976434,30,sensor
720575940614137907,30,inter
720575940614671411,30,sensor
720575940618157110,30,inter
720575940629008439,30,sensor
720575940631520312,30,motor
720575940632900665,30,motor
720575940630745148,30,sensor
720575940630937660,30,motor
720575940638785599,30,sensor
720575940621946945,30,sensor
720575940620873793,30,motor
720575940608028740,30,motor
720575940638088262,30,motor
720575940626859080,30,inter
720575940622550089,30,motor
720575940629170250,30,motor
720575940624287821,30,inter
720575940639432782,30,motor
720575940639417432,30,motor
720575940615905373,30,sensor
720575940635852901,30,motor
720575940628145257,30,sensor
720575940629701737,30,motor
720575940629046377,30,sensor
720575940629357676,30,sensor
720575940630346860,30,motor
720575940638681203,30,sensor
720575940635774071,30,motor
720575940610432120,30,sensor
720575940629486714,30,motor
720575940660051073,30,motor
720575940647207044,30,inter
720575940621545606,30,inter
720575940621401222,30,motor
720575940622594186,30,motor
720575940627731599,30,motor
720575940617166993,30,motor
720575940615684242,30,inter
720575940623468691,30,motor
720575940617098385,30,motor
720575940633575575,30,motor
720575940625395864,30,sensor
720575940613189785,30,sensor
720575940635547802,30,motor
720575940630247579,30,sensor
720575940626224280,30,motor
720575940618807454,30,motor
720575940655842465,30,motor
720575940614736034,30,motor
720575940620971174,30,motor
720575940615298215,30,motor
720575940605948076,30,motor
720575940604735660,30,motor
720575940636592302,30,motor
720575940613915823,30,motor
720575940622156976,30,inter
720575940621071536,30,inter
720575940635552948,30,motor
720575940625773752,30,motor
720575940618076345,30,sensor
720575940625556668,30,sensor
720575940619264193,30,sensor
720575940620349633,30,inter
720575940630745282,30,inter
720575940624310468,30,sensor
720575940628653255,30,sensor
720575940643740872,30,motor
720575940625558730,30,motor
720575940632032460,30,motor
720575940621832397,30,inter
720575940634140883,30,motor
720575940615688404,30,inter
720575940622303446,30,motor
720575940620678360,30,inter
720575940637209822,30,motor
720575940616434911,30,sensor
720575940633030882,30,inter
720575940613636325,30,motor
720575940610199781,30,motor
720575940627417320,30,motor
720575940627432680,30,motor
720575940624594154,30,sensor
720575940640788725,30,motor
720575940651231478,30,motor
720575940653310198,30,motor
720575940651986166,30,motor
720575940634903800,30,sensor
720575940636454136,30,motor
720575940628970748,30,inter
720575940621925631,30,sensor
720575940621317381,30,inter
720575940627239174,30,inter
720575940628425990,30,inter
720575940623166733,30,motor
720575940631129362,30,sensor
720575940627852563,30,sensor
720575940645820695,30,sensor
720575940622204186,30,motor
720575940619031837,30,motor
720575940620380449,30,motor
720575940626982181,30,motor
720575940629502251,30,motor
720575940609799470,30,motor
720575940615084339,30,motor
720575940615251251,30,motor
720575940631189817,30,motor
720575940630868281,30,motor
720575940618002747,30,motor
720575940616695099,30,motor
720575940626462014,30,motor
720575940638088511,30,motor
720575940610617668,30,motor
720575940608845124,30,sensor
720575940631997767,30,inter
720575940627398984,30,motor
720575940625388873,30,motor
720575940619332944,30,motor
720575940632401233,30,motor
720575940633429331,30,sensor
720575940617260374,30,sensor
720575940638403928,30,motor
720575940640748888,30,sensor
720575940620912987,30,motor
720575940621818203,30,sensor
720575940617938269,30,motor
720575940635179359,30,motor
720575940629357932,30,sensor
720575940610734449,30,sensor
720575940640802163,30,sensor
720575940610270584,30,motor
720575940628857210,30,motor
720575940619035003,30,motor
720575940619556219,30,sensor
720575940621673852,30,sensor
720575940637718912,30,motor
720575940659709313,30,motor
720575940607887746,30,sensor
720575940606946690,30,sensor
720575940627359107,30,sensor
720575940615799179,30,motor
720575940615522706,30,sensor
720575940612921746,30,motor
720575940635859354,30,motor
720575940616925597,30,inter
720575940631925156,30,motor
720575940620711334,30,motor
720575940612819367,30,sensor
720575940621413803,30,sensor
720575940636348852,30,sensor
720575940634144180,30,motor
720575940618334649,30,sensor
720575940634388927,30,motor
720575940629461442,30,motor
720575940608661955,30,sensor
720575940608335299,30,motor
720575940643039688,30,inter
720575940619524555,30,motor
720575940633573836,30,sensor
720575940641511888,30,sensor
720575940611694034,30,sensor
720575940611812818,30,inter
720575940618021332,30,sensor
720575940618609112,30,sensor
720575940631058908,30,sensor
720575940631207388,30,inter
720575940638642654,30,motor
720575940605607392,30,inter
720575940604009952,30,motor
720575940611302883,30,inter
720575940620018159,30,sensor
720575940622516720,30,sensor
720575940612358642,30,motor
720575940623062515,30,motor
720575940628537852,30,motor
720575940623992317,30,motor
720575940624175615,30,sensor
720575940617077249,30,motor
720575940625847810,30,motor
720575940621978117,30,motor
720575940609675785,30,sensor
720575940615827980,30,sensor
720575940616826380,30,motor
720575940628642320,30,motor
720575940628540945,30,sensor
720575940629768722,30,motor
720575940621384212,30,motor
720575940623841816,30,motor
720575940625856028,30,motor
720575940618324509,30,sensor
720575940632650271,30,motor
720575940604609056,30,sensor
720575940647291427,30,sensor
720575940644390436,30,sensor
720575940626535973,30,inter
720575940624604710,30,motor
720575940622667303,30,sensor
720575940614792744,30,sensor
720575940629855787,30,inter
720575940626555440,30,motor
720575940615426610,30,inter
720575940613025331,30,motor
720575940631518776,30,motor
720575940639124029,30,inter
720575940637089343,30,motor
720575940608409156,30,sensor
720575940639638086,30,inter
720575940639581766,30,sensor
720575940627033672,30,sensor
720575940632042065,30,sensor
720575940633310801,30,sensor
720575940618319444,30,sensor
720575940631938647,30,sensor
720575940640254552,30,sensor
720575940607536732,30,motor
720575940635385440,30,sensor
720575940610640482,30,motor
720575940634763877,30,sensor
720575940631335528,30,inter
720575940628577897,30,motor
720575940615522922,30,sensor
720575940628897385,30,sensor
720575940631119468,30,motor
720575940636886639,30,sensor
720575940639338099,30,sensor
720575940640763507,30,motor
720575940611755640,30,sensor
720575940611532408,30,sensor
720575940620038779,30,motor
720575940628073085,30,sensor
720575940658655873,30,sensor
720575940661089921,30,motor
720575940606185090,30,motor
720575940618625671,30,sensor
720575940627098249,30,motor
720575940617456267,30,sensor
720575940632539788,30,motor
720575940637416078,30,sensor
720575940635917966,30,motor
720575940635952782,30,motor
720575940636411534,30,motor
720575940614374034,30,inter
720575940623682195,30,motor
720575940625332884,30,sensor
720575940614643350,30,motor
720575940633692823,30,motor
720575940612001433,30,sensor
720575940635873946,30,sensor
720575940618748573,30,sensor
720575940618116766,30,motor
720575940614707871,30,inter
720575940640550563,30,sensor
720575940633995949,30,motor
720575940613917359,30,motor
720575940621961904,30,sensor
720575940611957427,30,motor
720575940636217012,30,sensor
720575940623216311,30,inter
720575940627099322,30,sensor
720575940622865084,30,inter
720575940640168637,30,motor
720575940603804350,30,inter
720575940620322497,30,motor
720575940621553348,30,motor
720575940632585932,30,inter
720575940623806157,30,sensor
720575940623122125,30,motor
720575940615281361,30,sensor
720575940610738898,30,motor
720575940607825621,30,sensor
720575940622236374,30,motor
720575940619582168,30,motor
720575940623194845,30,sensor
720575940623326941,30,inter
720575940614058719,30,sensor
720575940636737246,30,motor
720575940613191391,30,motor
720575940634258146,30,motor
720575940612682467,30,motor
720575940633251554,30,inter
720575940624382695,30,inter
720575940636209897,30,sensor
720575940638742249,30,sensor
720575940625691372,30,motor
720575940620096238,30,motor
720575940621715182,30,sensor
720575940627620593,30,motor
720575940651341558,30,motor
720575940634790648,30,motor
720575940629517049,30,sensor
720575940630204155,30,sensor
720575940626009852,30,motor
720575940613423870,30,motor
720575940624193279,30,motor
720575940625242882,30,sensor
720575940628832004,30,motor
720575940622623501,30,sensor
720575940623072013,30,inter
720575940628642576,30,motor
720575940627069712,30,sensor
720575940628933392,30,sensor
720575940629817104,30,motor
720575940621148948,30,inter
720575940627946261,30,motor
720575940611506966,30,sensor
720575940620802836,30,motor
720575940618703636,30,sensor
720575940627801877,30,motor
720575940622719770,30,inter
720575940627456798,30,sensor
720575940627715870,30,motor
720575940645579556,30,sensor
720575940611297070,30,sensor
720575940624450352,30,motor
720575940617009970,30,motor
720575940632323896,30,sensor
720575940628446010,30,motor
720575940631253820,30,sensor
720575940632588099,30,motor
720575940618398533,30,motor
720575940625380169,30,sensor
720575940630043471,30,sensor
720575940621440859,30,inter
720575940621170526,30,motor
720575940633900896,30,inter
720575940622843747,30,inter
720575940627068772,30,sensor
720575940637536101,30,sensor
720575940605797222,30,sensor
720575940627076964,30,inter
720575940628356969,30,sensor
720575940630006636,30,motor
720575940646364014,30,sensor
720575940646350702,30,sensor
720575940636420976,30,motor
720575940612727665,30,motor
720575940637065071,30,sensor
720575940638077811,30,motor
720575940636651376,30,motor
720575940611633010,30,sensor
720575940620988276,30,sensor
720575940609819512,30,motor
720575940648447876,30,sensor
720575940628255621,30,sensor
720575940648636292,30,motor
720575940620878727,30,motor
720575940628132745,30,motor
720575940627732361,30,motor
720575940628236169,30,inter
720575940630042508,30,motor
720575940641977229,30,inter
720575940633498524,30,inter
720575940616101789,30,motor
720575940616199071,30,motor
720575940618270629,30,motor
720575940614730663,30,motor
720575940633614253,30,sensor
720575940622363574,30,inter
720575940622364598,30,sensor
720575940625622968,30,motor
720575940618510265,30,sensor
720575940625567674,30,motor
720575940606696382,30,sensor
720575940620975040,30,motor
720575940609695683,30,motor
720575940630431685,30,motor
720575940612487118,30,inter
720575940611666898,30,inter
720575940618011604,30,inter
720575940608909269,30,motor
720575940631176151,30,inter
720575940616285151,30,motor
720575940634253281,30,motor
720575940612718563,30,motor
720575940624538599,30,motor
720575940625563623,30,motor
720575940638201833,30,motor
720575940624705514,30,motor
720575940619864047,30,motor
720575940620534768,30,motor
720575940621375471,30,sensor
720575940623124467,30,sensor
720575940621164532,30,sensor
720575940651421686,30,sensor
720575940630487035,30,motor
720575940628039676,30,sensor
720575940624676861,30,sensor
720575940635685786,31,sensor
720575940618945793,32,sensor
720575940627307522,32,sensor
720575940628910342,32,sensor
720575940625403144,32,sensor
720575940616984588,32,sensor
720575940623839501,32,sensor
720575940632415247,32,sensor
720575940632164879,32,sensor
720575940632427282,32,sensor
720575940632346386,32,sensor
720575940628360981,32,sensor
720575940634715673,32,sensor
720575940618210075,32,sensor
720575940627429660,32,sensor
720575940619061787,32,sensor
720575940627481630,32,sensor
720575940627493406,32,sensor
720575940633478687,32,sensor
720575940611611182,32,sensor
720575940633115439,32,sensor
720575940625261872,32,sensor
720575940632217647,32,sensor
720575940615989298,32,sensor
720575940647936820,32,sensor
720575940617964347,32,sensor
720575940617997115,32,sensor
720575940627161406,32,sensor
720575940627285822,32,sensor
720575940622157633,32,sensor
720575940610956868,32,sensor
720575940625759821,32,sensor
720575940626430797,32,sensor
720575940626112589,32,sensor
720575940629959759,32,sensor
720575940633314129,32,sensor
720575940618985812,32,sensor
720575940617195862,32,sensor
720575940631929175,32,sensor
720575940640803928,32,sensor
720575940627198809,32,sensor
720575940609393756,32,sensor
720575940622372702,32,sensor
720575940623094878,32,sensor
720575940636053087,32,sensor
720575940621387363,32,sensor
720575940627044964,32,sensor
720575940626977636,32,sensor
720575940630223463,32,sensor
720575940615614314,32,sensor
720575940635827051,32,sensor
720575940628864364,32,sensor
720575940635104363,32,sensor
720575940613103986,32,sensor
720575940617225589,32,sensor
720575940631544694,32,sensor
720575940611124600,32,sensor
720575940630239866,32,sensor
720575940623256188,32,sensor
720575940630756478,32,sensor
720575940608181122,32,sensor
720575940627545219,32,sensor
720575940627422595,32,sensor
720575940628138889,32,sensor
720575940626725257,32,sensor
720575940637304462,32,sensor
720575940628566159,32,sensor
720575940637502094,32,sensor
720575940612630677,32,sensor
720575940627421080,32,sensor
720575940626263192,32,sensor
720575940635844762,32,sensor
720575940630083483,32,sensor
720575940635188892,32,sensor
720575940614972575,32,sensor
720575940644237728,32,sensor
720575940632697508,32,sensor
720575940628858024,32,sensor
720575940622214320,32,sensor
720575940606922673,32,sensor
720575940622209206,32,sensor
720575940622101942,32,sensor
720575940625588920,32,sensor
720575940618092985,32,sensor
720575940625020087,32,sensor
720575940616782267,32,sensor
720575940625998012,32,sensor
720575940625357244,32,sensor
720575940610320067,32,sensor
720575940624387524,32,sensor
720575940631640517,32,sensor
720575940623284420,32,sensor
720575940626962634,32,sensor
720575940619980235,32,sensor
720575940626220234,32,sensor
720575940620391128,32,sensor
720575940618990808,32,sensor
720575940618253785,32,sensor
720575940613090266,32,sensor
720575940630804956,32,sensor
720575940637664478,32,sensor
720575940634645985,32,sensor
720575940634216417,32,sensor
720575940634734305,32,sensor
720575940639163108,32,sensor
720575940625448171,32,sensor
720575940625363947,32,sensor
720575940624809195,32,sensor
720575940625894643,32,sensor
720575940641989877,32,sensor
720575940636370424,32,sensor
720575940630190842,32,sensor
720575940629112316,32,sensor
720575940628719619,33,inter
720575940628404227,33,inter
720575940628895750,33,inter
720575940624973831,33,sensor
720575940625907726,33,inter
720575940626774037,33,inter
720575940611047446,33,inter
720575940645404695,33,inter
720575940612667414,33,inter
720575940621195290,33,sensor
720575940626243614,33,inter
720575940621043753,33,motor
720575940629911595,33,inter
720575940614979634,33,sensor
720575940614828082,33,inter
720575940615723077,33,sensor
720575940618184773,33,inter
720575940627716168,33,motor
720575940624394317,33,inter
720575940618987600,33,inter
720575940619339856,33,inter
720575940632107091,33,inter
720575940616015956,33,inter
720575940614819926,33,inter
720575940638009434,33,motor
720575940620537947,33,inter
720575940621899870,33,inter
720575940635869285,33,inter
720575940628635751,33,inter
720575940614367338,33,inter
720575940635119723,33,inter
720575940637464691,33,inter
720575940611602552,33,inter
720575940621000831,33,inter
720575940639193216,33,inter
720575940626591875,33,inter
720575940627083397,33,inter
720575940620320902,33,inter
720575940620884103,33,inter
720575940623276168,33,motor
720575940624140424,33,sensor
720575940623333514,33,inter
720575940631353484,33,inter
720575940626901136,33,motor
720575940622657684,33,inter
720575940611139733,33,inter
720575940635678871,33,inter
720575940628902043,33,inter
720575940618344606,33,inter
720575940654117025,33,sensor
720575940615624866,33,inter
720575940638245027,33,inter
720575940655587489,33,motor
720575940620060838,33,inter
720575940612941991,33,sensor
720575940605780140,33,inter
720575940635863214,33,inter
720575940636479668,33,motor
720575940624945333,33,sensor
720575940622364854,33,sensor
720575940624439498,33,inter
720575940631914700,33,inter
720575940610468050,33,inter
720575940623233238,33,motor
720575940620677336,33,sensor
720575940604569824,33,inter
720575940602718432,33,inter
720575940632973538,33,inter
720575940634646753,33,inter
720575940613183717,33,inter
720575940625441003,33,inter
720575940614492397,33,inter
720575940624087283,33,motor
720575940621656308,33,inter
720575940651804918,33,inter
720575940651694326,33,inter
720575940622579967,33,motor
720575940627405058,33,inter
720575940626692355,33,inter
720575940627607812,33,inter
720575940625146122,33,sensor
720575940628406538,33,sensor
720575940624472334,33,inter
720575940629192975,33,inter
720575940628646160,33,inter
720575940626682129,33,inter
720575940626962709,33,inter
720575940628793621,33,inter
720575940627478812,33,inter
720575940617431325,33,sensor
720575940618715421,33,sensor
720575940631511327,33,inter
720575940606648608,33,inter
720575940606218528,33,inter
720575940628437291,33,motor
720575940629328172,33,inter
720575940629541164,33,inter
720575940611621166,33,inter
720575940610505006,33,motor
720575940615723314,33,inter
720575940614019379,33,inter
720575940629403959,33,inter
720575940628785468,33,motor
720575940627796298,33,inter
720575940626510169,33,inter
720575940622309726,33,inter
720575940605704550,33,inter
720575940614435178,33,inter
720575940614416746,33,inter
720575940646521198,33,motor
720575940609665400,33,inter
720575940620943743,33,inter
720575940622838154,33,inter
720575940616182155,33,inter
720575940624269706,33,motor
720575940635967886,33,inter
720575940615537041,33,inter
720575940614207894,33,inter
720575940626157976,33,inter
720575940613603737,33,sensor
720575940633526684,33,sensor
720575940652554657,33,inter
720575940613867938,33,inter
720575940639789475,33,motor
720575940620165541,33,inter
720575940620183973,33,inter
720575940614062503,33,inter
720575940621947302,33,inter
720575940618189227,33,inter
720575940621627819,33,inter
720575940604285356,33,inter
720575940635681198,33,inter
720575940635988398,33,inter
720575940637321646,33,inter
720575940618547641,33,inter
720575940615201211,33,inter
720575940615928251,33,inter
720575940638603709,33,inter
720575940634431935,33,inter
720575940621554112,33,motor
720575940621773249,33,inter
720575940620763584,33,motor
720575940608545219,33,inter
720575940620097985,33,inter
720575940629948869,33,inter
720575940627732935,33,inter
720575940610623950,33,inter
720575940622932438,33,sensor
720575940630311383,33,motor
720575940618674648,33,inter
720575940616597977,33,inter
720575940630243804,33,inter
720575940612710883,33,inter
720575940613296613,33,inter
720575940638900713,33,inter
720575940623598058,33,inter
720575940620468718,33,motor
720575940618066415,33,sensor
720575940622696944,33,sensor
720575940629586417,33,sensor
720575940611934706,33,motor
720575940621148660,33,motor
720575940619405812,33,sensor
720575940621820404,33,inter
720575940639453685,33,sensor
720575940630460919,33,motor
720575940631638521,33,inter
720575940631706107,33,motor
720575940627438076,33,inter
720575940630071803,33,inter
720575940620835327,33,motor
720575940618603009,33,inter
720575940628169219,33,inter
720575940624054792,33,inter
720575940626663953,33,inter
720575940632463890,33,inter
720575940626848275,33,inter
720575940633893401,33,inter
720575940618932763,33,inter
720575940626887198,33,inter
720575940631396895,33,inter
720575940624394790,33,inter
720575940624910887,33,motor
720575940630907434,33,motor
720575940631153194,33,inter
720575940618965553,33,inter
720575940616077874,33,inter
720575940618433073,33,sensor
720575940647952948,33,motor
720575940618342966,33,motor
720575940629473847,33,inter
720575940629602871,33,inter
720575940614840891,33,sensor
720575940616198715,33,inter
720575940620362305,33,inter
720575940613843522,33,inter
720575940611091012,33,inter
720575940617499205,33,inter
720575940630643275,33,inter
720575940629256779,33,inter
720575940632080977,33,inter
720575940617691734,33,sensor
720575940639023706,33,inter
720575940620020315,33,inter
720575940617886301,33,inter
720575940621277790,33,inter
720575940634894943,33,inter
720575940634458719,33,motor
720575940620943969,33,inter
720575940628865644,33,inter
720575940612856434,33,inter
720575940617337461,33,motor
720575940616551029,33,motor
720575940634571383,33,motor
720575940629437054,33,inter
720575940621804159,33,motor
720575940639468160,33,inter
720575940608336514,33,inter
720575940626592387,33,sensor
720575940606894722,33,inter
720575940627665545,33,inter
720575940623391370,33,sensor
720575940616733323,33,inter
720575940623725204,33,inter
720575940610962069,33,inter
720575940622680724,33,sensor
720575940633350812,33,inter
720575940621533867,33,motor
720575940621640363,33,inter
720575940616583865,33,inter
720575940627206842,33,inter
720575940634094271,33,inter
720575940630713029,33,motor
720575940616413894,33,inter
720575940615713478,33,inter
720575940606149321,33,inter
720575940616766169,33,inter
720575940611080922,33,inter
720575940622078685,33,inter
720575940611674853,33,inter
720575940624972523,33,inter
720575940621771502,33,inter
720575940621800175,33,inter
720575940629437178,33,inter
720575940618769153,33,inter
720575940624358152,33,inter
720575940608287497,33,inter
720575940627454730,33,motor
720575940630909714,33,inter
720575940621650712,33,inter
720575940635089689,33,inter
720575940634823449,33,inter
720575940626201372,33,inter
720575940627692318,33,inter
720575940631804703,33,inter
720575940605702944,33,motor
720575940605694752,33,inter
720575940631927583,33,inter
720575940624349993,33,inter
720575940629859115,33,inter
720575940625345328,33,motor
720575940613380914,33,sensor
720575940613552947,33,inter
720575940618902326,33,inter
720575940629214007,33,inter
720575940631098172,33,sensor
720575940639032125,33,inter
720575940622160705,33,inter
720575940614808386,33,inter
720575940625253193,33,inter
720575940624737101,33,inter
720575940627585874,33,motor
720575940630467411,33,inter
720575940616553300,33,motor
720575940629814103,33,inter
720575940626783065,33,inter
720575940607761244,33,sensor
720575940623817572,33,motor
720575940637547365,33,inter
720575940620360557,33,inter
720575940644733806,33,motor
720575940638049136,33,inter
720575940636396400,33,inter
720575940612709234,33,inter
720575940612264817,33,inter
720575940620610420,33,inter
720575940619918203,33,sensor
720575940626246525,33,inter
720575940624704393,33,sensor
720575940632923020,33,sensor
720575940643259277,33,motor
720575940635968398,33,inter
720575940614574994,33,inter
720575940623637396,33,sensor
720575940635106202,33,inter
720575940634909594,33,inter
720575940635114396,33,inter
720575940633803676,33,motor
720575940614445983,33,sensor
720575940640926627,33,inter
720575940631698340,33,inter
720575940620192677,33,inter
720575940614380455,33,inter
720575940627110824,33,inter
720575940619840427,33,inter
720575940605899692,33,sensor
720575940633787309,33,inter
720575940634751918,33,inter
720575940620512176,33,inter
720575940606696369,33,sensor
720575940607800242,33,sensor
720575940620723126,33,inter
720575940625779642,33,inter
720575940615924667,33,inter
720575940620321728,33,inter
720575940610501571,33,inter
720575940621067204,33,inter
720575940608932803,33,inter
720575940609340355,33,inter
720575940620846027,33,inter
720575940622123981,33,sensor
720575940611505102,33,inter
720575940640111568,33,inter
720575940610472914,33,inter
720575940617245652,33,motor
720575940620706776,33,inter
720575940640945115,33,inter
720575940627962844,33,inter
720575940615912415,33,inter
720575940613632997,33,motor
720575940622486506,33,inter
720575940619623407,33,inter
720575940629609457,33,inter
720575940626404337,33,inter
720575940641278965,33,motor
720575940629584887,33,motor
720575940630029307,33,inter
720575940614175742,33,inter
720575940612146174,33,sensor
720575940617257985,33,inter
720575940617124865,33,inter
720575940628808708,33,inter
720575940627297284,33,inter
720575940627848196,33,inter
720575940624923655,33,motor
720575940627076106,33,inter
720575940614018060,33,motor
720575940626861073,33,inter
720575940612348950,33,inter
720575940620057626,33,sensor
720575940617110555,33,inter
720575940617688093,33,inter
720575940625585182,33,inter
720575940632495135,33,motor
720575940647113763,33,sensor
720575940626818085,33,motor
720575940622529574,33,inter
720575940625912871,33,inter
720575940622339113,33,inter
720575940630086698,33,inter
720575940626861104,33,inter
720575940624931888,33,sensor
720575940615541810,33,motor
720575940632890425,33,inter
720575940630733884,33,inter
720575940627016766,33,inter
720575940620196929,33,inter
720575940625310793,33,inter
720575940624665677,33,inter
720575940628372562,33,inter
720575940619246677,33,inter
720575940621132894,33,inter
720575940622998627,33,inter
720575940622996579,33,motor
720575940628200551,33,inter
720575940629421159,33,motor
720575940629757036,33,inter
720575940636832879,33,inter
720575940611644529,33,motor
720575940617636981,33,inter
720575940630396022,33,inter
720575940636922999,33,inter
720575940629142650,33,inter
720575940621814911,33,inter
720575940617684107,33,inter
720575940635831438,33,motor
720575940617280657,33,motor
720575940618314897,33,motor
720575940625656980,33,inter
720575940626977947,33,inter
720575940617716893,33,inter
720575940641629344,33,inter
720575940643347616,33,motor
720575940613692578,33,inter
720575940612863138,33,inter
720575940622007472,33,inter
720575940603636913,33,sensor
720575940623957173,33,inter
720575940615922875,33,inter
720575940637627581,33,inter
720575940621305024,33,inter
720575940622773444,33,inter
720575940614923462,33,inter
720575940606010569,33,sensor
720575940606354633,33,inter
720575940632607948,33,motor
720575940613221585,33,inter
720575940623432918,33,inter
720575940630291671,33,inter
720575940622650582,33,motor
720575940612775130,33,inter
720575940638360798,33,inter
720575940633300193,33,inter
720575940627283176,33,inter
720575940638149865,33,motor
720575940628595944,33,inter
720575940612981997,33,inter
720575940629464305,33,inter
720575940641148149,33,motor
720575940626533634,33,inter
720575940627713284,33,inter
720575940629513478,33,inter
720575940623781127,33,motor
720575940624395528,33,inter
720575940630623503,33,inter
720575940628143376,33,inter
720575940632472850,33,motor
720575940620100884,33,inter
720575940621354260,33,sensor
720575940613588246,33,sensor
720575940628716821,33,inter
720575940617518365,33,inter
720575940619058461,33,sensor
720575940617809181,33,motor
720575940622292257,33,inter
720575940646419747,33,inter
720575940631131436,33,inter
720575940628370732,33,motor
720575940619517233,33,inter
720575940638477621,33,inter
720575940640333109,33,inter
720575940629273913,33,inter
720575940619615552,33,inter
720575940619060549,33,inter
720575940628802888,33,inter
720575940624694601,33,inter
720575940627750216,33,motor
720575940632311115,33,motor
720575940629423434,33,inter
720575940624227661,33,inter
720575940638379342,33,inter
720575940624387401,33,sensor
720575940630603091,33,sensor
720575940617825620,33,inter
720575940617198932,33,inter
720575940621225313,33,inter
720575940609258850,33,inter
720575940610313570,33,inter
720575940637611365,33,inter
720575940628641127,33,motor
720575940628348265,33,inter
720575940626562409,33,inter
720575940626677097,33,inter
720575940616113514,33,sensor
720575940619754861,33,inter
720575940618784109,33,inter
720575940636886383,33,sensor
720575940644386158,33,inter
720575940638764403,33,inter
720575940620690804,33,inter
720575940615488885,33,inter
720575940628735350,33,inter
720575940610332024,33,inter
720575940649809273,33,motor
720575940630328698,33,inter
720575940618089851,33,inter
720575940618380667,33,inter
720575940626781565,33,inter
720575940639417728,33,inter
720575940660235649,33,motor
720575940608185730,33,inter
720575940620621190,33,motor
720575940624377224,33,inter
720575940625102224,33,inter
720575940626906512,33,inter
720575940624504212,33,inter
720575940615892374,33,inter
720575940612054425,33,motor
720575940633351578,33,inter
720575940630005147,33,inter
720575940629155227,33,motor
720575940635362716,33,inter
720575940615460255,33,inter
720575940643683744,33,inter
720575940653399457,33,inter
720575940614751650,33,inter
720575940613668266,33,inter
720575940632008109,33,inter
720575940615028143,33,sensor
720575940619644336,33,inter
720575940605095346,33,motor
720575940608353714,33,inter
720575940627099066,33,inter
720575940624762300,33,inter
720575940605601214,33,motor
720575940620617153,33,inter
720575940630318533,33,inter
720575940616736198,33,inter
720575940612046286,33,motor
720575940632530387,33,inter
720575940618321364,33,inter
720575940617280985,33,inter
720575940628485596,33,inter
720575940622519773,33,inter
720575940623386077,33,sensor
720575940623203805,33,inter
720575940603952608,33,inter
720575940633339362,33,inter
720575940610403813,33,inter
720575940622872042,33,inter
720575940624377323,33,inter
720575940620887536,33,inter
720575940627604977,33,inter
720575940623779327,33,inter
720575940629986816,33,inter
720575940627611142,33,inter
720575940607880713,33,inter
720575940612840982,33,inter
720575940646094359,33,inter
720575940644632087,33,inter
720575940623113752,33,inter
720575940619148829,33,sensor
720575940625118757,33,inter
720575940632499757,33,inter
720575940611397166,33,sensor
720575940625096240,33,inter
720575940620330545,33,inter
720575940615255603,33,inter
720575940613418547,33,inter
720575940618886710,33,inter
720575940631023159,33,sensor
720575940631842360,33,inter
720575940629970489,33,inter
720575940625194558,33,inter
720575940631109187,33,inter
720575940616633925,33,sensor
720575940632211015,33,inter
720575940628618824,33,inter
720575940624526925,33,inter
720575940639118926,33,sensor
720575940624741965,33,inter
720575940619601488,33,inter
720575940617932368,33,inter
720575940628403791,33,inter
720575940638910040,33,inter
720575940624739929,33,inter
720575940622048862,33,inter
720575940622722659,33,inter
720575940636704357,33,inter
720575940627981929,33,inter
720575940634506859,33,inter
720575940637081199,33,inter
720575940630607478,33,inter
720575940610766456,33,inter
720575940610584184,33,inter
720575940627455621,33,motor
720575940626749061,33,sensor
720575940622843530,33,motor
720575940624574100,33,inter
720575940611905177,33,inter
720575940635330204,33,motor
720575940643471008,33,inter
720575940642737824,33,sensor
720575940614344354,33,sensor
720575940639352483,33,inter
720575940618426021,33,motor
720575940613598887,33,inter
720575940621242025,33,motor
720575940622495401,33,inter
720575940622184105,33,motor
720575940635850414,33,inter
720575940604954289,33,inter
720575940611864243,33,motor
720575940634676916,33,inter
720575940621457079,33,motor
720575940622577336,33,sensor
720575940624426680,33,motor
720575940619822784,33,inter
720575940629708482,33,inter
720575940608566979,33,inter
720575940627521223,33,inter
720575940611344078,33,inter
720575940612038350,33,sensor
720575940609822418,33,inter
720575940617277145,33,inter
720575940618340057,33,inter
720575940615382751,33,inter
720575940626956008,33,inter
720575940624033516,33,inter
720575940613783277,33,sensor
720575940620304110,33,motor
720575940629358321,33,inter
720575940613369586,33,inter
720575940625532659,33,inter
720575940621088500,33,inter
720575940630683383,33,inter
720575940635047672,33,inter
720575940629249783,33,inter
720575940623322877,33,motor
720575940624094973,33,inter
720575940625565442,33,inter
720575940629980931,33,sensor
720575940622917381,33,inter
720575940627652358,33,motor
720575940624336647,33,inter
720575940628481798,33,sensor
720575940629303046,33,inter
720575940608120587,33,inter
720575940631283471,33,inter
720575940628858640,33,motor
720575940626562833,33,motor
720575940627728149,33,motor
720575940632807193,33,inter
720575940619038493,33,motor
720575940626376478,33,inter
720575940622681889,33,inter
720575940630982442,33,inter
720575940632469290,33,inter
720575940609681198,33,inter
720575940615092019,33,motor
720575940616564534,33,motor
720575940630146871,33,inter
720575940630773560,33,inter
720575940622186305,33,inter
720575940632203075,33,inter
720575940609365828,33,inter
720575940630921027,33,inter
720575940618409797,33,motor
720575940638818118,33,motor
720575940627111752,33,inter
720575940616068933,33,inter
720575940620889936,33,inter
720575940632760147,33,inter
720575940616320852,33,inter
720575940617389908,33,inter
720575940628016983,33,motor
720575940631670615,33,inter
720575940633927519,33,sensor
720575940628463468,33,sensor
720575940630501228,33,inter
720575940644968302,33,inter
720575940637712243,33,sensor
720575940623413116,33,inter
720575940625923965,33,inter
720575940628897662,33,inter
720575940608331650,33,inter
720575940620023686,33,sensor
720575940633077644,33,sensor
720575940637656974,33,inter
720575940627263375,33,sensor
720575940624750480,33,sensor
720575940627750799,33,inter
720575940621555603,33,inter
720575940635359127,33,sensor
720575940634750871,33,motor
720575940634877850,33,motor
720575940617787293,33,inter
720575940614817695,33,inter
720575940604938156,33,inter
720575940604653484,33,motor
720575940605214636,33,motor
720575940634826676,33,motor
720575940623497141,33,inter
720575940623579063,33,motor
720575940618330041,33,inter
720575940606584766,33,sensor
720575940619812801,33,inter
720575940622673860,33,inter
720575940631723973,33,sensor
720575940626046919,33,inter
720575940612087758,33,inter
720575940620718040,33,sensor
720575940615487449,33,inter
720575940621717469,33,sensor
720575940604088288,33,inter
720575940632614881,33,inter
720575940613726179,33,sensor
720575940613099493,33,inter
720575940627439592,33,inter
720575940623953900,33,inter
720575940626434033,33,inter
720575940613087218,33,inter
720575940621365236,33,inter
720575940641464309,33,motor
720575940641363957,33,inter
720575940635295736,33,inter
720575940629594106,33,inter
720575940623433725,33,inter
720575940612612094,33,inter
720575940607407746,34,sensor
720575940621270949,35,sensor
